id,name,concept,score,metaphor,confidence,alignment
add_to_basket_24x24,add-to-basket-24x24,add,0.90,creation,0.6,0.00
camera-camera-capture-24x24,camera-camera-capture-24x24,camera,0.90,capture,0.64,0.17
camera-camera-capture-32x32,camera-camera-capture-32x32,camera,0.90,capture,0.64,0.17
card_file_24x24,card-file-24x24,document,0.90,information,0.64,0.17
closed_folder_24x24,closed-folder-24x24,folder,0.90,organization,0.64,0.14
Close_file_32x32,close-file-32x32,document,0.90,information,0.64,0.17
Close_folder_32x32,close-folder-32x32,folder,0.90,organization,0.64,0.14
Color_profile_32x32,color-profile-32x32,document,0.90,information,0.6,0.00
Database_16x16,database-16x16,database,0.90,storage,0.68,0.33
database_24x24,database-24x24,database,0.90,storage,0.68,0.33
delete_24x24,delete-24x24,trash,0.90,disposal,0.73,0.50
Delete_32x32,delete-32x32,trash,0.90,disposal,0.73,0.50
Delete_event_48x48,delete-event-48x48,trash,0.90,disposal,0.71,0.43
Delete_frame_32x32,delete-frame-32x32,trash,0.90,disposal,0.71,0.43
Delete_frames_32x32,delete-frames-32x32,trash,0.90,disposal,0.71,0.43
document_24x24,document-24x24,document,0.90,information,0.68,0.33
Downloads_folder_16x16,downloads-folder-16x16,folder,0.90,organization,0.62,0.09
downloads_folder_24x24,downloads-folder-24x24,folder,0.90,organization,0.62,0.09
edit_32x32,edit-32x32,edit,0.90,modification,0.6,0.00
Edit_32x32,edit-32x32,edit,0.90,modification,0.6,0.00
Edit_page_32x32,edit-page-32x32,edit,0.90,modification,0.6,0.00
Edit_text_32x32,edit-text-32x32,edit,0.90,modification,0.6,0.00
error_24x24,error-24x24,error,0.90,failure,0.6,0.00
Error_32x32,error-32x32,error,0.90,failure,0.6,0.00
File_exetension_32x32,file-exetension-32x32,document,0.90,information,0.64,0.17
folder_24x24,folder-24x24,folder,0.90,organization,0.64,0.17
Folder_32x32,folder-32x32,folder,0.90,organization,0.64,0.17
Full_trash_can_16x16,full-trash-can-16x16,trash,0.90,disposal,0.6,0.00
Full_trash_can_32x32,full-trash-can-32x32,trash,0.90,disposal,0.6,0.00
Full_trash_can_48x48,full-trash-can-48x48,trash,0.90,disposal,0.6,0.00
gear_24x24,gear-24x24,gear,0.90,configuration,0.6,0.00
Graphic_file_32x32,graphic-file-32x32,document,0.90,information,0.64,0.17
Heart_16x16,heart-16x16,heart,0.90,appreciation,0.6,0.00
heart_24x24,heart-24x24,heart,0.90,appreciation,0.6,0.00
lock_32x32,lock-32x32,lock,0.90,security,0.64,0.17
Lock_32x32,lock-32x32,lock,0.90,security,0.64,0.17
Lock_color_32x32,lock-color-32x32,lock,0.90,security,0.64,0.14
Lock_transparency_32x32,lock-transparency-32x32,lock,0.90,security,0.64,0.14
New_document_16x16,new-document-16x16,document,0.90,information,0.67,0.29
new_document_24x24,new-document-24x24,document,0.90,information,0.67,0.29
New_file_32x32,new-file-32x32,document,0.90,information,0.64,0.17
Open_file_16x16,open-file-16x16,document,0.90,information,0.64,0.17
open_file_24x24,open-file-24x24,document,0.90,information,0.64,0.17
Open_file_32x32,open-file-32x32,document,0.90,information,0.64,0.17
Open_file_48x48,open-file-48x48,document,0.90,information,0.64,0.17
open_folder_24x24,open-folder-24x24,folder,0.90,organization,0.64,0.14
open_lock_24x24,open-lock-24x24,lock,0.90,security,0.64,0.14
pdf_32x32,pdf-32x32,document,0.90,information,0.64,0.17
powershot-camera-capture-s1-is-128x128,powershot-camera-capture-s1-is-128x128,camera,0.90,capture,0.63,0.11
powershot-camera-capture-s1-is-16x16,powershot-camera-capture-s1-is-16x16,camera,0.90,capture,0.63,0.11
powershot-camera-capture-s1-is-32x32,powershot-camera-capture-s1-is-32x32,camera,0.90,capture,0.63,0.11
powershot-camera-capture-s1-is-48x48,powershot-camera-capture-s1-is-48x48,camera,0.90,capture,0.63,0.11
powershot-camera-capture-s80-128x128,powershot-camera-capture-s80-128x128,camera,0.90,capture,0.63,0.12
powershot-camera-capture-s80-16x16,powershot-camera-capture-s80-16x16,camera,0.90,capture,0.63,0.12
powershot-camera-capture-s80-32x32,powershot-camera-capture-s80-32x32,camera,0.90,capture,0.63,0.12
powershot-camera-capture-s80-48x48,powershot-camera-capture-s80-48x48,camera,0.90,capture,0.63,0.12
powershot-camera-capture-sd450-128x128,powershot-camera-capture-sd450-128x128,camera,0.90,capture,0.63,0.12
powershot-camera-capture-sd450-16x16,powershot-camera-capture-sd450-16x16,camera,0.90,capture,0.63,0.12
powershot-camera-capture-sd450-32x32,powershot-camera-capture-sd450-32x32,camera,0.90,capture,0.63,0.12
powershot-camera-capture-sd450-48x48,powershot-camera-capture-sd450-48x48,camera,0.90,capture,0.63,0.12
Red_star_16x16,red-star-16x16,star,0.90,favorite,0.6,0.00
red_star_24x24,red-star-24x24,star,0.90,favorite,0.6,0.00
Save_file_16x16,save-file-16x16,document,0.90,information,0.64,0.17
Save_file_32x32,save-file-32x32,document,0.90,information,0.64,0.17
Save_file_48x48,save-file-48x48,document,0.90,information,0.64,0.17
search_32x32,search-32x32,search,0.90,discovery,0.68,0.33
Search_32x32,search-32x32,search,0.90,discovery,0.68,0.33
Search_computer_32x32,search-computer-32x32,search,0.90,discovery,0.67,0.29
Search_event_48x48,search-event-48x48,search,0.90,discovery,0.67,0.29
Search_folder_32x32,search-folder-32x32,search,0.90,discovery,0.45,0.18
Search_online_32x32,search-online-32x32,search,0.90,discovery,0.67,0.29
Search_text_32x32,search-text-32x32,search,0.90,discovery,0.67,0.29
settings_32x32,settings-32x32,gear,0.90,configuration,0.68,0.33
Settings_32x32,settings-32x32,gear,0.90,configuration,0.68,0.33
shield-security-protection-16x16-variant3,shield-security-protection-16x16-variant3,shield,0.90,protection,0.64,0.17
shield-security-protection-24x24,shield-security-protection-24x24,shield,0.90,protection,0.64,0.17
Time_settings_48x48,time-settings-48x48,gear,0.90,configuration,0.67,0.29
Trash_16x16,trash-16x16,trash,0.90,disposal,0.6,0.00
trash_24x24,trash-24x24,trash,0.90,disposal,0.6,0.00
user-1_32x32,user-1-32x32,user,0.90,identity,0.6,0.00
user-2_32x32,user-2-32x32,user,0.90,identity,0.6,0.00
user_24x24,user-24x24,user,0.90,identity,0.6,0.00
User_group_16x16,user-group-16x16,user,0.90,identity,0.6,0.00
user_group_24x24,user-group-24x24,user,0.90,identity,0.6,0.00
Warning_16x16,warning-16x16,warning,0.90,risk,0.64,0.17
warning_24x24,warning-24x24,warning,0.90,risk,0.64,0.17
Warning_32x32,warning-32x32,warning,0.90,risk,0.64,0.17
Warning_48x48,warning-48x48,warning,0.90,risk,0.64,0.17
Add_24x24,add-24x24,add,0.90,creation,0.6,0.00
Add_to_basket_24x24,add-to-basket-24x24,add,0.90,creation,0.6,0.00
camera-camera-capture-24x24-variant2,camera-camera-capture-24x24-variant2,camera,0.90,capture,0.64,0.17
Card_file_24x24,card-file-24x24,document,0.90,information,0.64,0.17
Closed_folder_24x24,closed-folder-24x24,folder,0.90,organization,0.64,0.14
Database_24x24,database-24x24,database,0.90,storage,0.68,0.33
Delete_24x24,delete-24x24,trash,0.90,disposal,0.73,0.50
Document_24x24,document-24x24,document,0.90,information,0.68,0.33
Downloads_folder_24x24,downloads-folder-24x24,folder,0.90,organization,0.62,0.09
Edit_24x24,edit-24x24,edit,0.90,modification,0.6,0.00
Error_24x24,error-24x24,error,0.90,failure,0.6,0.00
Folder_24x24,folder-24x24,folder,0.90,organization,0.64,0.17
