id,semantic,tags,category,description
2000mlb-00mlb-sports-mlb-baseball-logo,2000mlb-00mlb-sports-mlb-baseball-logo,"00mlb,sports,logo,mlb,2000mlb,baseball",emoji,2000Mlb 00Mlb Sports Mlb Baseball Logo icon
2000mlb-anaheim-sports-mlb-baseball-logo,2000mlb-anaheim-sports-mlb-baseball-logo,"sports,anaheim,logo,mlb,2000mlb,baseball",emoji,2000Mlb Anaheim Sports Mlb Baseball Logo icon
2000mlb-arizona-sports-mlb-baseball-logo,2000mlb-arizona-sports-mlb-baseball-logo,"sports,logo,mlb,arizona,2000mlb,baseball",emoji,2000Mlb Arizona Sports Mlb Baseball Logo icon
2000mlb-atlanta-sports-mlb-baseball-logo,2000mlb-atlanta-sports-mlb-baseball-logo,"sports,atlanta,mlb,logo,2000mlb,baseball",emoji,2000Mlb Atlanta Sports Mlb Baseball Logo icon
2000mlb-baltimore-sports-mlb-baseball-logo,2000mlb-baltimore-sports-mlb-baseball-logo,"sports,baltimore,logo,mlb,2000mlb,baseball",emoji,2000Mlb Baltimore Sports Mlb Baseball Logo icon
2000mlb-boston-sports-mlb-baseball-logo,2000mlb-boston-sports-mlb-baseball-logo,"sports,logo,mlb,boston,2000mlb,baseball",emoji,2000Mlb Boston Sports Mlb Baseball Logo icon
2000mlb-chi-cubs-sports-mlb-baseball-logo,2000mlb-chi-cubs-sports-mlb-baseball-logo,"sports,cubs,logo,mlb,chi,baseball",emoji,2000Mlb Chi Cubs Sports Mlb Baseball Logo icon
2000mlb-chi-white-sox-sports-mlb-baseball-logo,2000mlb-chi-white-sox-sports-mlb-baseball-logo,"sports,sox,white,logo,mlb,baseball",emoji,2000Mlb Chi White Sox Sports Mlb Baseball Logo icon
2000mlb-cincinnati-sports-mlb-baseball-logo,2000mlb-cincinnati-sports-mlb-baseball-logo,"sports,cincinnati,logo,mlb,2000mlb,baseball",emoji,2000Mlb Cincinnati Sports Mlb Baseball Logo icon
2000mlb-cleveland-sports-mlb-baseball-logo,2000mlb-cleveland-sports-mlb-baseball-logo,"sports,logo,mlb,cleveland,2000mlb,baseball",emoji,2000Mlb Cleveland Sports Mlb Baseball Logo icon
2000mlb-colorado-sports-mlb-baseball-logo,2000mlb-colorado-sports-mlb-baseball-logo,"sports,colorado,logo,mlb,2000mlb,baseball",emoji,2000Mlb Colorado Sports Mlb Baseball Logo icon
2000mlb-detroit-sports-mlb-baseball-logo,2000mlb-detroit-sports-mlb-baseball-logo,"sports,logo,mlb,detroit,2000mlb,baseball",emoji,2000Mlb Detroit Sports Mlb Baseball Logo icon
2000mlb-florida-sports-mlb-baseball-logo,2000mlb-florida-sports-mlb-baseball-logo,"sports,logo,mlb,florida,2000mlb,baseball",emoji,2000Mlb Florida Sports Mlb Baseball Logo icon
2000mlb-houston-sports-mlb-baseball-logo,2000mlb-houston-sports-mlb-baseball-logo,"sports,logo,mlb,houston,2000mlb,baseball",emoji,2000Mlb Houston Sports Mlb Baseball Logo icon
2000mlb-kansas-city-sports-mlb-baseball-logo,2000mlb-kansas-city-sports-mlb-baseball-logo,"sports,kansas,logo,mlb,city,baseball",emoji,2000Mlb Kansas City Sports Mlb Baseball Logo icon
2000mlb-los-angeles-sports-mlb-baseball-logo,2000mlb-los-angeles-sports-mlb-baseball-logo,"sports,angeles,los,logo,mlb,baseball",emoji,2000Mlb Los Angeles Sports Mlb Baseball Logo icon
2000mlb-milwaukee-sports-mlb-baseball-logo,2000mlb-milwaukee-sports-mlb-baseball-logo,"sports,logo,mlb,milwaukee,2000mlb,baseball",emoji,2000Mlb Milwaukee Sports Mlb Baseball Logo icon
2000mlb-minnesota-sports-mlb-baseball-logo,2000mlb-minnesota-sports-mlb-baseball-logo,"sports,logo,minnesota,mlb,2000mlb,baseball",emoji,2000Mlb Minnesota Sports Mlb Baseball Logo icon
2000mlb-montreal-sports-mlb-baseball-logo,2000mlb-montreal-sports-mlb-baseball-logo,"sports,montreal,mlb,logo,2000mlb,baseball",emoji,2000Mlb Montreal Sports Mlb Baseball Logo icon
2000mlb-ny-mets-sports-mlb-baseball-logo,2000mlb-ny-mets-sports-mlb-baseball-logo,"sports,logo,mlb,mets,ny,baseball",emoji,2000Mlb Ny Mets Sports Mlb Baseball Logo icon
2000mlb-ny-yankees-sports-mlb-baseball-logo,2000mlb-ny-yankees-sports-mlb-baseball-logo,"sports,logo,mlb,yankees,ny,baseball",emoji,2000Mlb Ny Yankees Sports Mlb Baseball Logo icon
2000mlb-oakland-sports-mlb-baseball-logo,2000mlb-oakland-sports-mlb-baseball-logo,"sports,logo,oakland,mlb,2000mlb,baseball",emoji,2000Mlb Oakland Sports Mlb Baseball Logo icon
2000mlb-philadelphia-sports-mlb-baseball-logo,2000mlb-philadelphia-sports-mlb-baseball-logo,"sports,logo,mlb,philadelphia,2000mlb,baseball",emoji,2000Mlb Philadelphia Sports Mlb Baseball Logo icon
2000mlb-pittsburgh-sports-mlb-baseball-logo,2000mlb-pittsburgh-sports-mlb-baseball-logo,"sports,logo,mlb,2000mlb,pittsburgh,baseball",emoji,2000Mlb Pittsburgh Sports Mlb Baseball Logo icon
2000mlb-san-diego-sports-mlb-baseball-logo,2000mlb-san-diego-sports-mlb-baseball-logo,"sports,logo,mlb,diego,2000mlb,baseball",emoji,2000Mlb San Diego Sports Mlb Baseball Logo icon
2000mlb-san-francisco-sports-mlb-baseball-logo,2000mlb-san-francisco-sports-mlb-baseball-logo,"sports,logo,mlb,san,2000mlb,baseball",emoji,2000Mlb San Francisco Sports Mlb Baseball Logo icon
2000mlb-seattle-sports-mlb-baseball-logo,2000mlb-seattle-sports-mlb-baseball-logo,"sports,logo,mlb,2000mlb,seattle,baseball",emoji,2000Mlb Seattle Sports Mlb Baseball Logo icon
2000mlb-st-louis-sports-mlb-baseball-logo,2000mlb-st-louis-sports-mlb-baseball-logo,"sports,logo,mlb,louis,2000mlb,baseball",emoji,2000Mlb St Louis Sports Mlb Baseball Logo icon
2000mlb-tampa-bay-sports-mlb-baseball-logo,2000mlb-tampa-bay-sports-mlb-baseball-logo,"sports,logo,mlb,bay,tampa,baseball",emoji,2000Mlb Tampa Bay Sports Mlb Baseball Logo icon
2000mlb-texas-sports-mlb-baseball-logo,2000mlb-texas-sports-mlb-baseball-logo,"sports,logo,mlb,texas,2000mlb,baseball",emoji,2000Mlb Texas Sports Mlb Baseball Logo icon
2000mlb-toronto-sports-mlb-baseball-logo,2000mlb-toronto-sports-mlb-baseball-logo,"toronto,sports,logo,mlb,2000mlb,baseball",emoji,2000Mlb Toronto Sports Mlb Baseball Logo icon
coffee-time-emoji-cup,coffee-time-emoji-cup,"cup,emoji,coffee,time",emoji,Coffee Time Emoji Cup icon
coffee-emoji-cup,coffee-emoji-cup,"cup,emoji,coffee",emoji,Coffee Emoji Cup icon
coffee-32x32-emoji-cup,coffee-32x32-emoji-cup,"cup,emoji,coffee,32x32",emoji,Coffee 32X32 Emoji Cup icon
coffee-time-48x48-emoji-cup,coffee-time-48x48-emoji-cup,"48x48,coffee,cup,emoji,time",emoji,Coffee Time 48X48 Emoji Cup icon
anyboard-free-anyboard-abicons-3go-ui-forum-web,anyboard-free-anyboard-abicons-3go-ui-forum-web,"web,3go,ui,forum,abicons",ui,Anyboard Free Anyboard Abicons 3Go Ui Forum Web icon
anyboard-free-anyboard-abicons-admin-ui-forum-web,anyboard-free-anyboard-abicons-admin-ui-forum-web,"web,admin,ui,forum,abicons",ui,Anyboard Free Anyboard Abicons Admin Ui Forum Web icon
anyboard-free-anyboard-abicons-agree-ui-forum-web,anyboard-free-anyboard-abicons-agree-ui-forum-web,"web,ui,forum,agree,abicons",ui,Anyboard Free Anyboard Abicons Agree Ui Forum Web icon
anyboard-free-anyboard-abicons-angry-ui-forum-web,anyboard-free-anyboard-abicons-angry-ui-forum-web,"web,ui,forum,angry,abicons",ui,Anyboard Free Anyboard Abicons Angry Ui Forum Web icon
anyboard-free-anyboard-abicons-arc-left-ui-forum-web,anyboard-free-anyboard-abicons-arc-left-ui-forum-web,"web,ui,forum,abicons,arc",ui,Anyboard Free Anyboard Abicons Arc Left Ui Forum Web icon
anyboard-free-anyboard-abicons-arc-right-ui-forum-web,anyboard-free-anyboard-abicons-arc-right-ui-forum-web,"web,ui,forum,abicons,arc",ui,Anyboard Free Anyboard Abicons Arc Right Ui Forum Web icon
anyboard-free-anyboard-abicons-botleftcorn-ui-forum-web,anyboard-free-anyboard-abicons-botleftcorn-ui-forum-web,"web,botleftcorn,ui,forum,abicons",ui,Anyboard Free Anyboard Abicons Botleftcorn Ui Forum Web icon
anyboard-free-anyboard-abicons-botrightcorn-ui-forum-web,anyboard-free-anyboard-abicons-botrightcorn-ui-forum-web,"web,ui,botrightcorn,forum,abicons",ui,Anyboard Free Anyboard Abicons Botrightcorn Ui Forum Web icon
anyboard-free-anyboard-abicons-bottom-corner-left-ui-forum-web,anyboard-free-anyboard-abicons-bottom-corner-left-ui-forum-web,"web,bottom,ui,forum,abicons",ui,Anyboard Free Anyboard Abicons Bottom Corner Left Ui Forum Web icon
anyboard-free-anyboard-abicons-bottom-corner-right-ui-forum-web,anyboard-free-anyboard-abicons-bottom-corner-right-ui-forum-web,"web,bottom,ui,forum,abicons",ui,Anyboard Free Anyboard Abicons Bottom Corner Right Ui Forum Web icon
anyboard-free-anyboard-abicons-bottom-ui-forum-web,anyboard-free-anyboard-abicons-bottom-ui-forum-web,"web,bottom,ui,forum,abicons",ui,Anyboard Free Anyboard Abicons Bottom Ui Forum Web icon
anyboard-free-anyboard-abicons-bottommenu-ui-forum-web,anyboard-free-anyboard-abicons-bottommenu-ui-forum-web,"web,ui,bottommenu,forum,abicons",ui,Anyboard Free Anyboard Abicons Bottommenu Ui Forum Web icon
anyboard-free-anyboard-abicons-brownmenu-ui-forum-web,anyboard-free-anyboard-abicons-brownmenu-ui-forum-web,"web,ui,forum,abicons,anyboard",ui,Anyboard Free Anyboard Abicons Brownmenu Ui Forum Web icon
anyboard-free-anyboard-abicons-bullet-ui-forum-web,anyboard-free-anyboard-abicons-bullet-ui-forum-web,"web,ui,forum,bullet,abicons",ui,Anyboard Free Anyboard Abicons Bullet Ui Forum Web icon
anyboard-free-anyboard-abicons-chat-ui-forum-web,anyboard-free-anyboard-abicons-chat-ui-forum-web,"web,ui,forum,chat,abicons",ui,Anyboard Free Anyboard Abicons Chat Ui Forum Web icon
anyboard-free-anyboard-abicons-closedfolder-ui-forum-web,anyboard-free-anyboard-abicons-closedfolder-ui-forum-web,"web,ui,forum,closedfolder,abicons",ui,Anyboard Free Anyboard Abicons Closedfolder Ui Forum Web icon
anyboard-free-anyboard-abicons-comp-usr-ui-forum-web,anyboard-free-anyboard-abicons-comp-usr-ui-forum-web,"web,ui,forum,comp,abicons",ui,Anyboard Free Anyboard Abicons Comp Usr Ui Forum Web icon
anyboard-free-anyboard-abicons-curl-footer-ui-forum-web,anyboard-free-anyboard-abicons-curl-footer-ui-forum-web,"footer,web,curl,ui,forum",ui,Anyboard Free Anyboard Abicons Curl Footer Ui Forum Web icon
anyboard-free-anyboard-abicons-curl-header-ui-forum-web,anyboard-free-anyboard-abicons-curl-header-ui-forum-web,"web,curl,ui,forum,abicons",ui,Anyboard Free Anyboard Abicons Curl Header Ui Forum Web icon
anyboard-free-anyboard-abicons-curve-ll-ui-forum-web,anyboard-free-anyboard-abicons-curve-ll-ui-forum-web,"web,curve,ui,forum,ll",ui,Anyboard Free Anyboard Abicons Curve Ll Ui Forum Web icon
anyboard-free-anyboard-abicons-curve-lr-ui-forum-web,anyboard-free-anyboard-abicons-curve-lr-ui-forum-web,"web,curve,ui,forum,lr",ui,Anyboard Free Anyboard Abicons Curve Lr Ui Forum Web icon
anyboard-free-anyboard-abicons-curve-ul-ui-forum-web,anyboard-free-anyboard-abicons-curve-ul-ui-forum-web,"web,curve,ui,forum,ul",ui,Anyboard Free Anyboard Abicons Curve Ul Ui Forum Web icon
anyboard-free-anyboard-abicons-curve-ur-ui-forum-web,anyboard-free-anyboard-abicons-curve-ur-ui-forum-web,"web,curve,ui,forum,ur",ui,Anyboard Free Anyboard Abicons Curve Ur Ui Forum Web icon
anyboard-free-anyboard-abicons-disagree-ui-forum-web,anyboard-free-anyboard-abicons-disagree-ui-forum-web,"web,ui,disagree,forum,abicons",ui,Anyboard Free Anyboard Abicons Disagree Ui Forum Web icon
anyboard-free-anyboard-abicons-find-ui-forum-web,anyboard-free-anyboard-abicons-find-ui-forum-web,"web,ui,forum,abicons,anyboard",ui,Anyboard Free Anyboard Abicons Find Ui Forum Web icon
anyboard-free-anyboard-abicons-folder-ui-forum-web,anyboard-free-anyboard-abicons-folder-ui-forum-web,"web,ui,forum,abicons,anyboard",ui,Anyboard Free Anyboard Abicons Folder Ui Forum Web icon
anyboard-free-anyboard-abicons-go-btn-ui-forum-web,anyboard-free-anyboard-abicons-go-btn-ui-forum-web,"btn,web,ui,forum,abicons",ui,Anyboard Free Anyboard Abicons Go Btn Ui Forum Web icon
anyboard-free-anyboard-abicons-go-ui-forum-web,anyboard-free-anyboard-abicons-go-ui-forum-web,"web,ui,forum,abicons,anyboard",ui,Anyboard Free Anyboard Abicons Go Ui Forum Web icon
anyboard-free-anyboard-abicons-go32-ui-forum-web,anyboard-free-anyboard-abicons-go32-ui-forum-web,"web,ui,forum,abicons,anyboard",ui,Anyboard Free Anyboard Abicons Go32 Ui Forum Web icon
anyboard-free-anyboard-abicons-hline-mblue-ui-forum-web,anyboard-free-anyboard-abicons-hline-mblue-ui-forum-web,"web,hline,ui,free,forum",ui,Anyboard Free Anyboard Abicons Hline Mblue Ui Forum Web icon
anyboard-free-anyboard-abicons-idea-ui-forum-web,anyboard-free-anyboard-abicons-idea-ui-forum-web,"web,idea,ui,forum,abicons",ui,Anyboard Free Anyboard Abicons Idea Ui Forum Web icon
anyboard-free-anyboard-abicons-img-ui-forum-web,anyboard-free-anyboard-abicons-img-ui-forum-web,"web,ui,forum,img,abicons",ui,Anyboard Free Anyboard Abicons Img Ui Forum Web icon
anyboard-free-anyboard-abicons-join-ui-forum-web,anyboard-free-anyboard-abicons-join-ui-forum-web,"web,join,ui,forum,abicons",ui,Anyboard Free Anyboard Abicons Join Ui Forum Web icon
anyboard-free-anyboard-abicons-line-ui-forum-web,anyboard-free-anyboard-abicons-line-ui-forum-web,"web,ui,forum,line,abicons",ui,Anyboard Free Anyboard Abicons Line Ui Forum Web icon
anyboard-free-anyboard-abicons-login-ui-forum-web,anyboard-free-anyboard-abicons-login-ui-forum-web,"web,ui,forum,login,abicons",ui,Anyboard Free Anyboard Abicons Login Ui Forum Web icon
anyboard-free-anyboard-abicons-logo-ui-forum-web,anyboard-free-anyboard-abicons-logo-ui-forum-web,"web,ui,forum,logo,abicons",ui,Anyboard Free Anyboard Abicons Logo Ui Forum Web icon
anyboard-free-anyboard-abicons-menubrown-ui-forum-web,anyboard-free-anyboard-abicons-menubrown-ui-forum-web,"web,ui,forum,menubrown,abicons",ui,Anyboard Free Anyboard Abicons Menubrown Ui Forum Web icon
anyboard-free-anyboard-abicons-msg-ui-forum-web,anyboard-free-anyboard-abicons-msg-ui-forum-web,"msg,web,ui,forum,abicons",ui,Anyboard Free Anyboard Abicons Msg Ui Forum Web icon
anyboard-free-anyboard-abicons-navigate-ui-forum-web,anyboard-free-anyboard-abicons-navigate-ui-forum-web,"web,ui,forum,navigate,abicons",ui,Anyboard Free Anyboard Abicons Navigate Ui Forum Web icon
anyboard-free-anyboard-abicons-newpost-ui-forum-web,anyboard-free-anyboard-abicons-newpost-ui-forum-web,"web,ui,newpost,forum,abicons",ui,Anyboard Free Anyboard Abicons Newpost Ui Forum Web icon
anyboard-free-anyboard-abicons-news-eye-ui-forum-web,anyboard-free-anyboard-abicons-news-eye-ui-forum-web,"web,eye,ui,forum,abicons",ui,Anyboard Free Anyboard Abicons News Eye Ui Forum Web icon
anyboard-free-anyboard-abicons-news-ui-forum-web,anyboard-free-anyboard-abicons-news-ui-forum-web,"web,ui,forum,abicons,anyboard",ui,Anyboard Free Anyboard Abicons News Ui Forum Web icon
anyboard-free-anyboard-abicons-ntopcorn-ui-forum-web,anyboard-free-anyboard-abicons-ntopcorn-ui-forum-web,"web,ui,forum,ntopcorn,abicons",ui,Anyboard Free Anyboard Abicons Ntopcorn Ui Forum Web icon
anyboard-free-anyboard-abicons-ntopcornleft-ui-forum-web,anyboard-free-anyboard-abicons-ntopcornleft-ui-forum-web,"web,ui,forum,ntopcornleft,abicons",ui,Anyboard Free Anyboard Abicons Ntopcornleft Ui Forum Web icon
anyboard-free-anyboard-abicons-overview-ui-forum-web,anyboard-free-anyboard-abicons-overview-ui-forum-web,"web,ui,forum,overview,abicons",ui,Anyboard Free Anyboard Abicons Overview Ui Forum Web icon
anyboard-free-anyboard-abicons-pencil-ui-forum-web,anyboard-free-anyboard-abicons-pencil-ui-forum-web,"web,ui,forum,abicons,anyboard",ui,Anyboard Free Anyboard Abicons Pencil Ui Forum Web icon
anyboard-free-anyboard-abicons-pixel-ui-forum-web,anyboard-free-anyboard-abicons-pixel-ui-forum-web,"web,ui,pixel,forum,abicons",ui,Anyboard Free Anyboard Abicons Pixel Ui Forum Web icon
anyboard-free-anyboard-abicons-question-ui-forum-web,anyboard-free-anyboard-abicons-question-ui-forum-web,"web,ui,forum,question,abicons",ui,Anyboard Free Anyboard Abicons Question Ui Forum Web icon
anyboard-free-anyboard-abicons-reload-ui-forum-web,anyboard-free-anyboard-abicons-reload-ui-forum-web,"web,ui,forum,abicons,anyboard",ui,Anyboard Free Anyboard Abicons Reload Ui Forum Web icon
anyboard-free-anyboard-abicons-sad-ui-forum-web,anyboard-free-anyboard-abicons-sad-ui-forum-web,"web,ui,free,forum,abicons,sad",ui,Anyboard Free Anyboard Abicons Sad Ui Forum Web icon
anyboard-free-anyboard-abicons-search-logo-ui-forum-web,anyboard-free-anyboard-abicons-search-logo-ui-forum-web,"web,search,ui,forum,logo",ui,Anyboard Free Anyboard Abicons Search Logo Ui Forum Web icon
anyboard-free-anyboard-abicons-smile-rotate-ui-forum-web,anyboard-free-anyboard-abicons-smile-rotate-ui-forum-web,"web,ui,forum,smile,rotate",ui,Anyboard Free Anyboard Abicons Smile Rotate Ui Forum Web icon
anyboard-free-anyboard-abicons-smile-ui-forum-web,anyboard-free-anyboard-abicons-smile-ui-forum-web,"web,ui,forum,smile,abicons",ui,Anyboard Free Anyboard Abicons Smile Ui Forum Web icon
anyboard-free-anyboard-abicons-smileb-ui-forum-web,anyboard-free-anyboard-abicons-smileb-ui-forum-web,"web,smileb,ui,forum,abicons",ui,Anyboard Free Anyboard Abicons Smileb Ui Forum Web icon
anyboard-free-anyboard-abicons-spinach-ui-forum-web,anyboard-free-anyboard-abicons-spinach-ui-forum-web,"web,ui,spinach,forum,abicons",ui,Anyboard Free Anyboard Abicons Spinach Ui Forum Web icon
anyboard-free-anyboard-abicons-stats-ui-forum-web,anyboard-free-anyboard-abicons-stats-ui-forum-web,"web,ui,forum,stats,abicons",ui,Anyboard Free Anyboard Abicons Stats Ui Forum Web icon
anyboard-free-anyboard-abicons-support-ui-forum-web,anyboard-free-anyboard-abicons-support-ui-forum-web,"web,ui,forum,abicons,support",ui,Anyboard Free Anyboard Abicons Support Ui Forum Web icon
anyboard-free-anyboard-abicons-tongue-ui-forum-web,anyboard-free-anyboard-abicons-tongue-ui-forum-web,"web,ui,forum,abicons,anyboard",ui,Anyboard Free Anyboard Abicons Tongue Ui Forum Web icon
anyboard-free-anyboard-abicons-top-corner-left-ui-forum-web,anyboard-free-anyboard-abicons-top-corner-left-ui-forum-web,"web,ui,forum,top,abicons",ui,Anyboard Free Anyboard Abicons Top Corner Left Ui Forum Web icon
anyboard-free-anyboard-abicons-top-corner-right-ui-forum-web,anyboard-free-anyboard-abicons-top-corner-right-ui-forum-web,"web,ui,forum,top,abicons",ui,Anyboard Free Anyboard Abicons Top Corner Right Ui Forum Web icon
anyboard-free-anyboard-abicons-topper2-ui-forum-web,anyboard-free-anyboard-abicons-topper2-ui-forum-web,"web,ui,forum,abicons,anyboard",ui,Anyboard Free Anyboard Abicons Topper2 Ui Forum Web icon
anyboard-free-anyboard-abicons-turtlegreen-ui-forum-web,anyboard-free-anyboard-abicons-turtlegreen-ui-forum-web,"web,ui,forum,abicons,anyboard",ui,Anyboard Free Anyboard Abicons Turtlegreen Ui Forum Web icon
anyboard-free-anyboard-abicons-who-ui-forum-web,anyboard-free-anyboard-abicons-who-ui-forum-web,"web,ui,who,forum,abicons",ui,Anyboard Free Anyboard Abicons Who Ui Forum Web icon
anyboard-free-anyboard-abicons-yuk-ui-forum-web,anyboard-free-anyboard-abicons-yuk-ui-forum-web,"web,ui,forum,abicons,anyboard",ui,Anyboard Free Anyboard Abicons Yuk Ui Forum Web icon
archon-archon-pack-air-elemental-emoji-character-fantasy,archon-archon-pack-air-elemental-emoji-character-fantasy,"air,character,pack,elemental,archon,fantasy,avatar",emoji,Archon Archon Pack Air Elemental Emoji Character Fantasy icon
archon-archon-pack-archer-emoji-character-fantasy,archon-archon-pack-archer-emoji-character-fantasy,"character,pack,archer,archon,fantasy,avatar",emoji,Archon Archon Pack Archer Emoji Character Fantasy icon
archon-archon-pack-archon-pack-emoji-character-fantasy,archon-archon-pack-archon-pack-emoji-character-fantasy,"character,pack,archon,fantasy,emoji,avatar",emoji,Archon Archon Pack Archon Pack Emoji Character Fantasy icon
archon-archon-pack-archons-pack-emoji-character-fantasy,archon-archon-pack-archons-pack-emoji-character-fantasy,"character,pack,archon,fantasy,emoji,avatar",emoji,Archon Archon Pack Archons Pack Emoji Character Fantasy icon
archon-archon-pack-author-iconfactory-emoji-character-fantasy,archon-archon-pack-author-iconfactory-emoji-character-fantasy,"character,pack,archon,fantasy,iconfactory,avatar",emoji,Archon Archon Pack Author Iconfactory Emoji Character Fantasy icon
archon-archon-pack-banshee-emoji-character-fantasy,archon-archon-pack-banshee-emoji-character-fantasy,"banshee,character,pack,archon,fantasy,avatar",emoji,Archon Archon Pack Banshee Emoji Character Fantasy icon
archon-archon-pack-basilisk-emoji-character-fantasy,archon-archon-pack-basilisk-emoji-character-fantasy,"character,pack,archon,fantasy,basilisk,avatar",emoji,Archon Archon Pack Basilisk Emoji Character Fantasy icon
archon-archon-pack-djinni-emoji-character-fantasy,archon-archon-pack-djinni-emoji-character-fantasy,"character,djinni,pack,archon,fantasy,avatar",emoji,Archon Archon Pack Djinni Emoji Character Fantasy icon
archon-archon-pack-dragon-emoji-character-fantasy,archon-archon-pack-dragon-emoji-character-fantasy,"dragon,character,pack,archon,fantasy,avatar",emoji,Archon Archon Pack Dragon Emoji Character Fantasy icon
archon-archon-pack-earth-elemental-emoji-character-fantasy,archon-archon-pack-earth-elemental-emoji-character-fantasy,"character,pack,elemental,archon,fantasy,avatar",emoji,Archon Archon Pack Earth Elemental Emoji Character Fantasy icon
archon-archon-pack-fire-elemental-emoji-character-fantasy,archon-archon-pack-fire-elemental-emoji-character-fantasy,"character,fire,pack,elemental,archon,fantasy,avatar",emoji,Archon Archon Pack Fire Elemental Emoji Character Fantasy icon
archon-archon-pack-game-board-emoji-character-fantasy,archon-archon-pack-game-board-emoji-character-fantasy,"game,character,pack,board,archon,fantasy,avatar",emoji,Archon Archon Pack Game Board Emoji Character Fantasy icon
archon-archon-pack-goblin-emoji-character-fantasy,archon-archon-pack-goblin-emoji-character-fantasy,"character,goblin,pack,archon,fantasy,avatar",emoji,Archon Archon Pack Goblin Emoji Character Fantasy icon
archon-archon-pack-golem-emoji-character-fantasy,archon-archon-pack-golem-emoji-character-fantasy,"golem,character,pack,archon,fantasy,avatar",emoji,Archon Archon Pack Golem Emoji Character Fantasy icon
archon-archon-pack-knight-emoji-character-fantasy,archon-archon-pack-knight-emoji-character-fantasy,"character,knight,pack,archon,fantasy,avatar",emoji,Archon Archon Pack Knight Emoji Character Fantasy icon
archon-archon-pack-logo-emoji-character-fantasy,archon-archon-pack-logo-emoji-character-fantasy,"character,logo,pack,archon,fantasy,avatar",emoji,Archon Archon Pack Logo Emoji Character Fantasy icon
archon-archon-pack-manticore-emoji-character-fantasy,archon-archon-pack-manticore-emoji-character-fantasy,"character,pack,archon,fantasy,manticore,avatar",emoji,Archon Archon Pack Manticore Emoji Character Fantasy icon
archon-archon-pack-phoenix-emoji-character-fantasy,archon-archon-pack-phoenix-emoji-character-fantasy,"character,pack,archon,fantasy,emoji,avatar",emoji,Archon Archon Pack Phoenix Emoji Character Fantasy icon
archon-archon-pack-power-point-dark-emoji-character-fantasy,archon-archon-pack-power-point-dark-emoji-character-fantasy,"character,dark,pack,power,archon,fantasy,avatar",emoji,Archon Archon Pack Power Point Dark Emoji Character Fantasy icon
archon-archon-pack-power-point-light-emoji-character-fantasy,archon-archon-pack-power-point-light-emoji-character-fantasy,"character,pack,power,archon,fantasy,avatar",emoji,Archon Archon Pack Power Point Light Emoji Character Fantasy icon
archon-archon-pack-readme-emoji-character-fantasy,archon-archon-pack-readme-emoji-character-fantasy,"readme,character,pack,archon,fantasy,avatar",emoji,Archon Archon Pack Readme Emoji Character Fantasy icon
archon-archon-pack-shapeshifter-emoji-character-fantasy,archon-archon-pack-shapeshifter-emoji-character-fantasy,"character,pack,archon,fantasy,shapeshifter,avatar",emoji,Archon Archon Pack Shapeshifter Emoji Character Fantasy icon
archon-archon-pack-sorceress-emoji-character-fantasy,archon-archon-pack-sorceress-emoji-character-fantasy,"sorceress,character,pack,archon,fantasy,avatar",emoji,Archon Archon Pack Sorceress Emoji Character Fantasy icon
archon-archon-pack-troll-emoji-character-fantasy,archon-archon-pack-troll-emoji-character-fantasy,"character,pack,troll,archon,fantasy,avatar",emoji,Archon Archon Pack Troll Emoji Character Fantasy icon
archon-archon-pack-unicorn-emoji-character-fantasy,archon-archon-pack-unicorn-emoji-character-fantasy,"character,pack,unicorn,archon,fantasy,avatar",emoji,Archon Archon Pack Unicorn Emoji Character Fantasy icon
archon-archon-pack-valkyrie-emoji-character-fantasy,archon-archon-pack-valkyrie-emoji-character-fantasy,"character,valkyrie,pack,archon,fantasy,avatar",emoji,Archon Archon Pack Valkyrie Emoji Character Fantasy icon
archon-archon-pack-water-elemental-emoji-character-fantasy,archon-archon-pack-water-elemental-emoji-character-fantasy,"character,pack,water,elemental,archon,fantasy,avatar",emoji,Archon Archon Pack Water Elemental Emoji Character Fantasy icon
archon-archon-pack-wizard-emoji-character-fantasy,archon-archon-pack-wizard-emoji-character-fantasy,"character,pack,archon,fantasy,emoji,avatar",emoji,Archon Archon Pack Wizard Emoji Character Fantasy icon
businessicons-gif-128-chat-business-office-ui,businessicons-gif-128-chat-business-office-ui,"ui,chat,businessicons,gif,128,business,office",ui,Businessicons Gif 128 Chat Business Office Ui icon
businessicons-gif-128-database-business-office-ui,businessicons-gif-128-database-business-office-ui,"ui,database,businessicons,gif,128,business,office",ui,Businessicons Gif 128 Database Business Office Ui icon
businessicons-gif-128-file-business-office-ui,businessicons-gif-128-file-business-office-ui,"file,ui,businessicons,gif,128,business,office",ui,Businessicons Gif 128 File Business Office Ui icon
businessicons-gif-128-find-business-office-ui,businessicons-gif-128-find-business-office-ui,"ui,businessicons,gif,128,business,office",ui,Businessicons Gif 128 Find Business Office Ui icon
businessicons-gif-128-flag-business-office-ui,businessicons-gif-128-flag-business-office-ui,"flag,ui,businessicons,gif,128,business,office",ui,Businessicons Gif 128 Flag Business Office Ui icon
businessicons-gif-128-home-business-office-ui,businessicons-gif-128-home-business-office-ui,"ui,businessicons,gif,128,business,office",ui,Businessicons Gif 128 Home Business Office Ui icon
businessicons-gif-128-pie-diagram-business-office-ui,businessicons-gif-128-pie-diagram-business-office-ui,"ui,pie,businessicons,gif,diagram,business,office",ui,Businessicons Gif 128 Pie Diagram Business Office Ui icon
businessicons-gif-128-tool-business-office-ui,businessicons-gif-128-tool-business-office-ui,"tool,ui,businessicons,gif,128,business,office",ui,Businessicons Gif 128 Tool Business Office Ui icon
businessicons-gif-128-user-business-office-ui,businessicons-gif-128-user-business-office-ui,"ui,user,businessicons,gif,128,business,office",ui,Businessicons Gif 128 User Business Office Ui icon
businessicons-gif-128-women-business-office-ui,businessicons-gif-128-women-business-office-ui,"ui,businessicons,women,gif,128,business,office",ui,Businessicons Gif 128 Women Business Office Ui icon
businessicons-gif-24-chat-business-office-ui,businessicons-gif-24-chat-business-office-ui,"ui,chat,businessicons,24,gif,business,office",ui,Businessicons Gif 24 Chat Business Office Ui icon
businessicons-gif-24-database-1-business-office-ui,businessicons-gif-24-database-1-business-office-ui,"ui,database,businessicons,24,gif,business,office",ui,Businessicons Gif 24 Database 1 Business Office Ui icon
businessicons-gif-24-file-business-office-ui,businessicons-gif-24-file-business-office-ui,"file,ui,businessicons,24,gif,business,office",ui,Businessicons Gif 24 File Business Office Ui icon
businessicons-gif-24-find-business-office-ui,businessicons-gif-24-find-business-office-ui,"ui,businessicons,24,gif,business,office",ui,Businessicons Gif 24 Find Business Office Ui icon
businessicons-gif-24-flag-business-office-ui,businessicons-gif-24-flag-business-office-ui,"flag,ui,businessicons,24,gif,business,office",ui,Businessicons Gif 24 Flag Business Office Ui icon
businessicons-gif-24-home-business-office-ui,businessicons-gif-24-home-business-office-ui,"ui,businessicons,24,gif,business,office",ui,Businessicons Gif 24 Home Business Office Ui icon
businessicons-gif-24-pie-diagram-business-office-ui,businessicons-gif-24-pie-diagram-business-office-ui,"ui,pie,businessicons,24,gif,business,office",ui,Businessicons Gif 24 Pie Diagram Business Office Ui icon
businessicons-gif-24-tool-business-office-ui,businessicons-gif-24-tool-business-office-ui,"tool,ui,businessicons,24,gif,business,office",ui,Businessicons Gif 24 Tool Business Office Ui icon
businessicons-gif-24-user-business-office-ui,businessicons-gif-24-user-business-office-ui,"ui,user,businessicons,24,gif,business,office",ui,Businessicons Gif 24 User Business Office Ui icon
businessicons-gif-24-women-business-office-ui,businessicons-gif-24-women-business-office-ui,"ui,businessicons,24,women,gif,business,office",ui,Businessicons Gif 24 Women Business Office Ui icon
businessicons-gif-32-chat-business-office-ui,businessicons-gif-32-chat-business-office-ui,"ui,32,chat,businessicons,gif,business,office",ui,Businessicons Gif 32 Chat Business Office Ui icon
businessicons-gif-32-database-business-office-ui,businessicons-gif-32-database-business-office-ui,"ui,32,database,businessicons,gif,business,office",ui,Businessicons Gif 32 Database Business Office Ui icon
businessicons-gif-32-file-business-office-ui,businessicons-gif-32-file-business-office-ui,"file,ui,32,businessicons,gif,business,office",ui,Businessicons Gif 32 File Business Office Ui icon
businessicons-gif-32-find-business-office-ui,businessicons-gif-32-find-business-office-ui,"ui,32,businessicons,gif,business,office",ui,Businessicons Gif 32 Find Business Office Ui icon
businessicons-gif-32-flag-business-office-ui,businessicons-gif-32-flag-business-office-ui,"flag,ui,32,businessicons,gif,business,office",ui,Businessicons Gif 32 Flag Business Office Ui icon
businessicons-gif-32-home-business-office-ui,businessicons-gif-32-home-business-office-ui,"ui,32,businessicons,gif,business,office",ui,Businessicons Gif 32 Home Business Office Ui icon
businessicons-gif-32-pie-diagram-business-office-ui,businessicons-gif-32-pie-diagram-business-office-ui,"ui,32,pie,businessicons,gif,business,office",ui,Businessicons Gif 32 Pie Diagram Business Office Ui icon
businessicons-gif-32-tool-business-office-ui,businessicons-gif-32-tool-business-office-ui,"tool,ui,32,businessicons,gif,business,office",ui,Businessicons Gif 32 Tool Business Office Ui icon
businessicons-gif-32-user-business-office-ui,businessicons-gif-32-user-business-office-ui,"ui,32,user,businessicons,gif,business,office",ui,Businessicons Gif 32 User Business Office Ui icon
businessicons-gif-32-women-business-office-ui,businessicons-gif-32-women-business-office-ui,"ui,32,businessicons,women,gif,business,office",ui,Businessicons Gif 32 Women Business Office Ui icon
businessicons-gif-48-chat-business-office-ui,businessicons-gif-48-chat-business-office-ui,"48,ui,chat,businessicons,gif,business,office",ui,Businessicons Gif 48 Chat Business Office Ui icon
businessicons-gif-48-database-business-office-ui,businessicons-gif-48-database-business-office-ui,"48,ui,database,businessicons,gif,business,office",ui,Businessicons Gif 48 Database Business Office Ui icon
businessicons-gif-48-file-business-office-ui,businessicons-gif-48-file-business-office-ui,"48,file,ui,businessicons,gif,business,office",ui,Businessicons Gif 48 File Business Office Ui icon
businessicons-gif-48-find-business-office-ui,businessicons-gif-48-find-business-office-ui,"48,ui,businessicons,gif,business,office",ui,Businessicons Gif 48 Find Business Office Ui icon
businessicons-gif-48-flag-business-office-ui,businessicons-gif-48-flag-business-office-ui,"flag,48,ui,businessicons,gif,business,office",ui,Businessicons Gif 48 Flag Business Office Ui icon
businessicons-gif-48-home-business-office-ui,businessicons-gif-48-home-business-office-ui,"48,ui,businessicons,gif,business,office",ui,Businessicons Gif 48 Home Business Office Ui icon
businessicons-gif-48-pie-diagram-business-office-ui,businessicons-gif-48-pie-diagram-business-office-ui,"48,ui,pie,businessicons,gif,business,office",ui,Businessicons Gif 48 Pie Diagram Business Office Ui icon
businessicons-gif-48-tool-business-office-ui,businessicons-gif-48-tool-business-office-ui,"tool,48,ui,businessicons,gif,business,office",ui,Businessicons Gif 48 Tool Business Office Ui icon
businessicons-gif-48-user-business-office-ui,businessicons-gif-48-user-business-office-ui,"48,ui,user,businessicons,gif,business,office",ui,Businessicons Gif 48 User Business Office Ui icon
businessicons-gif-48-women-business-office-ui,businessicons-gif-48-women-business-office-ui,"48,ui,businessicons,women,gif,business,office",ui,Businessicons Gif 48 Women Business Office Ui icon
businessicons-ico-24-chat-business-office-ui,businessicons-ico-24-chat-business-office-ui,"ui,chat,24,businessicons,business,office",ui,Businessicons Ico 24 Chat Business Office Ui icon
businessicons-ico-24-database-1-business-office-ui,businessicons-ico-24-database-1-business-office-ui,"ui,database,24,businessicons,business,office",ui,Businessicons Ico 24 Database 1 Business Office Ui icon
businessicons-ico-24-file-business-office-ui,businessicons-ico-24-file-business-office-ui,"file,ui,24,businessicons,business,office",ui,Businessicons Ico 24 File Business Office Ui icon
businessicons-ico-24-find-business-office-ui,businessicons-ico-24-find-business-office-ui,"ui,24,businessicons,business,office",ui,Businessicons Ico 24 Find Business Office Ui icon
businessicons-ico-24-flag-business-office-ui,businessicons-ico-24-flag-business-office-ui,"flag,ui,24,businessicons,business,office",ui,Businessicons Ico 24 Flag Business Office Ui icon
businessicons-ico-24-home-business-office-ui,businessicons-ico-24-home-business-office-ui,"ui,24,businessicons,business,office",ui,Businessicons Ico 24 Home Business Office Ui icon
businessicons-ico-24-pie-diagram-business-office-ui,businessicons-ico-24-pie-diagram-business-office-ui,"ui,pie,24,businessicons,diagram,business,office",ui,Businessicons Ico 24 Pie Diagram Business Office Ui icon
businessicons-ico-24-tool-business-office-ui,businessicons-ico-24-tool-business-office-ui,"tool,ui,24,businessicons,business,office",ui,Businessicons Ico 24 Tool Business Office Ui icon
businessicons-ico-24-user-business-office-ui,businessicons-ico-24-user-business-office-ui,"ui,user,24,businessicons,business,office",ui,Businessicons Ico 24 User Business Office Ui icon
businessicons-ico-24-women-business-office-ui,businessicons-ico-24-women-business-office-ui,"ui,24,businessicons,women,business,office",ui,Businessicons Ico 24 Women Business Office Ui icon
businessicons-ico-32-chat-business-office-ui,businessicons-ico-32-chat-business-office-ui,"ui,32,chat,businessicons,business,office",ui,Businessicons Ico 32 Chat Business Office Ui icon
businessicons-ico-32-database-business-office-ui,businessicons-ico-32-database-business-office-ui,"ui,32,database,businessicons,business,office",ui,Businessicons Ico 32 Database Business Office Ui icon
businessicons-ico-32-file-1-business-office-ui,businessicons-ico-32-file-1-business-office-ui,"file,ui,32,businessicons,business,office",ui,Businessicons Ico 32 File 1 Business Office Ui icon
businessicons-ico-32-find-business-office-ui,businessicons-ico-32-find-business-office-ui,"ui,32,businessicons,business,office",ui,Businessicons Ico 32 Find Business Office Ui icon
businessicons-ico-32-flag-business-office-ui,businessicons-ico-32-flag-business-office-ui,"flag,ui,32,businessicons,business,office",ui,Businessicons Ico 32 Flag Business Office Ui icon
businessicons-ico-32-home-business-office-ui,businessicons-ico-32-home-business-office-ui,"ui,32,businessicons,business,office",ui,Businessicons Ico 32 Home Business Office Ui icon
businessicons-ico-32-pie-diagram-business-office-ui,businessicons-ico-32-pie-diagram-business-office-ui,"ui,32,pie,businessicons,diagram,business,office",ui,Businessicons Ico 32 Pie Diagram Business Office Ui icon
businessicons-ico-32-tool-business-office-ui,businessicons-ico-32-tool-business-office-ui,"tool,ui,32,businessicons,business,office",ui,Businessicons Ico 32 Tool Business Office Ui icon
businessicons-ico-32-user-7-business-office-ui,businessicons-ico-32-user-7-business-office-ui,"7,ui,32,user,businessicons,business,office",ui,Businessicons Ico 32 User 7 Business Office Ui icon
businessicons-ico-32-women-business-office-ui,businessicons-ico-32-women-business-office-ui,"ui,32,businessicons,women,business,office",ui,Businessicons Ico 32 Women Business Office Ui icon
businessicons-ico-48-chat-business-office-ui,businessicons-ico-48-chat-business-office-ui,"48,ui,chat,businessicons,business,office",ui,Businessicons Ico 48 Chat Business Office Ui icon
businessicons-ico-48-database-business-office-ui,businessicons-ico-48-database-business-office-ui,"48,ui,database,businessicons,business,office",ui,Businessicons Ico 48 Database Business Office Ui icon
businessicons-ico-48-file-business-office-ui,businessicons-ico-48-file-business-office-ui,"48,file,ui,businessicons,business,office",ui,Businessicons Ico 48 File Business Office Ui icon
businessicons-ico-48-find-business-office-ui,businessicons-ico-48-find-business-office-ui,"48,ui,businessicons,business,office",ui,Businessicons Ico 48 Find Business Office Ui icon
businessicons-ico-48-flag-business-office-ui,businessicons-ico-48-flag-business-office-ui,"flag,48,ui,businessicons,business,office",ui,Businessicons Ico 48 Flag Business Office Ui icon
businessicons-ico-48-home-business-office-ui,businessicons-ico-48-home-business-office-ui,"48,ui,businessicons,business,office",ui,Businessicons Ico 48 Home Business Office Ui icon
businessicons-ico-48-pie-diagram-business-office-ui,businessicons-ico-48-pie-diagram-business-office-ui,"48,ui,pie,businessicons,diagram,business,office",ui,Businessicons Ico 48 Pie Diagram Business Office Ui icon
businessicons-ico-48-tool-business-office-ui,businessicons-ico-48-tool-business-office-ui,"tool,48,ui,businessicons,business,office",ui,Businessicons Ico 48 Tool Business Office Ui icon
businessicons-ico-48-user-business-office-ui,businessicons-ico-48-user-business-office-ui,"48,ui,user,businessicons,business,office",ui,Businessicons Ico 48 User Business Office Ui icon
businessicons-ico-48-women-business-office-ui,businessicons-ico-48-women-business-office-ui,"48,ui,businessicons,women,business,office",ui,Businessicons Ico 48 Women Business Office Ui icon
businessicons-png-128-chat-business-office-ui,businessicons-png-128-chat-business-office-ui,"ui,png,chat,businessicons,128,business,office",ui,Businessicons Png 128 Chat Business Office Ui icon
businessicons-png-128-database-business-office-ui,businessicons-png-128-database-business-office-ui,"ui,png,database,businessicons,128,business,office",ui,Businessicons Png 128 Database Business Office Ui icon
businessicons-png-128-file-business-office-ui,businessicons-png-128-file-business-office-ui,"file,ui,png,businessicons,128,business,office",ui,Businessicons Png 128 File Business Office Ui icon
businessicons-png-128-find-business-office-ui,businessicons-png-128-find-business-office-ui,"ui,png,businessicons,128,business,office",ui,Businessicons Png 128 Find Business Office Ui icon
businessicons-png-128-flag-business-office-ui,businessicons-png-128-flag-business-office-ui,"flag,ui,png,businessicons,128,business,office",ui,Businessicons Png 128 Flag Business Office Ui icon
businessicons-png-128-home-business-office-ui,businessicons-png-128-home-business-office-ui,"ui,png,businessicons,128,business,office",ui,Businessicons Png 128 Home Business Office Ui icon
businessicons-png-128-pie-diagram-business-office-ui,businessicons-png-128-pie-diagram-business-office-ui,"ui,png,pie,businessicons,diagram,business,office",ui,Businessicons Png 128 Pie Diagram Business Office Ui icon
businessicons-png-128-tool-business-office-ui,businessicons-png-128-tool-business-office-ui,"tool,ui,png,businessicons,128,business,office",ui,Businessicons Png 128 Tool Business Office Ui icon
businessicons-png-128-user-business-office-ui,businessicons-png-128-user-business-office-ui,"ui,png,user,businessicons,128,business,office",ui,Businessicons Png 128 User Business Office Ui icon
businessicons-png-128-women-business-office-ui,businessicons-png-128-women-business-office-ui,"ui,png,businessicons,women,128,business,office",ui,Businessicons Png 128 Women Business Office Ui icon
businessicons-png-24-chat-business-office-ui,businessicons-png-24-chat-business-office-ui,"ui,png,chat,businessicons,24,business,office",ui,Businessicons Png 24 Chat Business Office Ui icon
businessicons-png-24-database-business-office-ui,businessicons-png-24-database-business-office-ui,"ui,png,database,businessicons,24,business,office",ui,Businessicons Png 24 Database Business Office Ui icon
businessicons-png-24-file-1-business-office-ui,businessicons-png-24-file-1-business-office-ui,"file,ui,png,businessicons,24,business,office",ui,Businessicons Png 24 File 1 Business Office Ui icon
businessicons-png-24-find-business-office-ui,businessicons-png-24-find-business-office-ui,"ui,png,businessicons,24,business,office",ui,Businessicons Png 24 Find Business Office Ui icon
businessicons-png-24-flag-business-office-ui,businessicons-png-24-flag-business-office-ui,"flag,ui,png,businessicons,24,business,office",ui,Businessicons Png 24 Flag Business Office Ui icon
businessicons-png-24-home-business-office-ui,businessicons-png-24-home-business-office-ui,"ui,png,businessicons,24,business,office",ui,Businessicons Png 24 Home Business Office Ui icon
businessicons-png-24-pie-diagram-business-office-ui,businessicons-png-24-pie-diagram-business-office-ui,"ui,png,pie,businessicons,24,business,office",ui,Businessicons Png 24 Pie Diagram Business Office Ui icon
businessicons-png-24-tool-business-office-ui,businessicons-png-24-tool-business-office-ui,"tool,ui,png,businessicons,24,business,office",ui,Businessicons Png 24 Tool Business Office Ui icon
businessicons-png-24-user-business-office-ui,businessicons-png-24-user-business-office-ui,"ui,png,user,businessicons,24,business,office",ui,Businessicons Png 24 User Business Office Ui icon
businessicons-png-24-women-business-office-ui,businessicons-png-24-women-business-office-ui,"ui,png,businessicons,24,women,business,office",ui,Businessicons Png 24 Women Business Office Ui icon
businessicons-png-32-chat-business-office-ui,businessicons-png-32-chat-business-office-ui,"ui,png,32,chat,businessicons,business,office",ui,Businessicons Png 32 Chat Business Office Ui icon
businessicons-png-32-database-business-office-ui,businessicons-png-32-database-business-office-ui,"ui,png,32,database,businessicons,business,office",ui,Businessicons Png 32 Database Business Office Ui icon
businessicons-png-32-file-business-office-ui,businessicons-png-32-file-business-office-ui,"file,ui,png,32,businessicons,business,office",ui,Businessicons Png 32 File Business Office Ui icon
businessicons-png-32-find-business-office-ui,businessicons-png-32-find-business-office-ui,"ui,png,32,businessicons,business,office",ui,Businessicons Png 32 Find Business Office Ui icon
businessicons-png-32-flag-business-office-ui,businessicons-png-32-flag-business-office-ui,"flag,ui,png,32,businessicons,business,office",ui,Businessicons Png 32 Flag Business Office Ui icon
businessicons-png-32-home-business-office-ui,businessicons-png-32-home-business-office-ui,"ui,png,32,businessicons,business,office",ui,Businessicons Png 32 Home Business Office Ui icon
businessicons-png-32-pie-diagram-business-office-ui,businessicons-png-32-pie-diagram-business-office-ui,"ui,png,32,pie,businessicons,business,office",ui,Businessicons Png 32 Pie Diagram Business Office Ui icon
businessicons-png-32-tool-business-office-ui,businessicons-png-32-tool-business-office-ui,"tool,ui,png,32,businessicons,business,office",ui,Businessicons Png 32 Tool Business Office Ui icon
businessicons-png-32-user-business-office-ui,businessicons-png-32-user-business-office-ui,"ui,png,32,user,businessicons,business,office",ui,Businessicons Png 32 User Business Office Ui icon
businessicons-png-32-women-business-office-ui,businessicons-png-32-women-business-office-ui,"ui,png,32,businessicons,women,business,office",ui,Businessicons Png 32 Women Business Office Ui icon
businessicons-png-48-chat-business-office-ui,businessicons-png-48-chat-business-office-ui,"48,ui,png,chat,businessicons,business,office",ui,Businessicons Png 48 Chat Business Office Ui icon
businessicons-png-48-database-1-business-office-ui,businessicons-png-48-database-1-business-office-ui,"48,ui,png,database,businessicons,business,office",ui,Businessicons Png 48 Database 1 Business Office Ui icon
businessicons-png-48-file-business-office-ui,businessicons-png-48-file-business-office-ui,"48,file,ui,png,businessicons,business,office",ui,Businessicons Png 48 File Business Office Ui icon
businessicons-png-48-find-business-office-ui,businessicons-png-48-find-business-office-ui,"48,ui,png,businessicons,business,office",ui,Businessicons Png 48 Find Business Office Ui icon
businessicons-png-48-flag-business-office-ui,businessicons-png-48-flag-business-office-ui,"flag,48,ui,png,businessicons,business,office",ui,Businessicons Png 48 Flag Business Office Ui icon
businessicons-png-48-home-business-office-ui,businessicons-png-48-home-business-office-ui,"48,ui,png,businessicons,business,office",ui,Businessicons Png 48 Home Business Office Ui icon
businessicons-png-48-pie-diagram-business-office-ui,businessicons-png-48-pie-diagram-business-office-ui,"48,ui,png,pie,businessicons,business,office",ui,Businessicons Png 48 Pie Diagram Business Office Ui icon
businessicons-png-48-tool-business-office-ui,businessicons-png-48-tool-business-office-ui,"tool,48,ui,png,businessicons,business,office",ui,Businessicons Png 48 Tool Business Office Ui icon
businessicons-png-48-user-business-office-ui,businessicons-png-48-user-business-office-ui,"48,ui,png,user,businessicons,business,office",ui,Businessicons Png 48 User Business Office Ui icon
businessicons-png-48-women-business-office-ui,businessicons-png-48-women-business-office-ui,"48,ui,png,businessicons,women,business,office",ui,Businessicons Png 48 Women Business Office Ui icon
coffee-ilny-emoji-cup,coffee-ilny-emoji-cup,"cup,ilny,emoji,coffee",emoji,Coffee Ilny Emoji Cup icon
gort-hardware-apc-backups-pro-280-device-tool,gort-hardware-apc-backups-pro-280-device-tool,"apc,pro,tool,gort,280,hardware,device",tools,Gort Hardware Apc Backups Pro 280 Device Tool icon
gort-hardware-gravisgamepad-device-tool,gort-hardware-gravisgamepad-device-tool,"tool,gort,gravisgamepad,hardware,device",tools,Gort Hardware Gravisgamepad Device Tool icon
gort-hardware-hitachi-rasterops-monitor-device-tool,gort-hardware-hitachi-rasterops-monitor-device-tool,"tool,hitachi,gort,monitor,rasterops,hardware,device",tools,Gort Hardware Hitachi Rasterops Monitor Device Tool icon
gort-hardware-iomega-zip-drive-device-tool,gort-hardware-iomega-zip-drive-device-tool,"zip,tool,drive,gort,hardware,device",tools,Gort Hardware Iomega Zip Drive Device Tool icon
gort-hardware-labtec-lcs2048-base-unit-device-tool,gort-hardware-labtec-lcs2048-base-unit-device-tool,"tool,gort,base,hardware,device",tools,Gort Hardware Labtec Lcs2048 Base Unit Device Tool icon
gort-hardware-lynksys-5-port-workgroup-hub-device-tool,gort-hardware-lynksys-5-port-workgroup-hub-device-tool,"tool,lynksys,hub,workgroup,gort,hardware,device",tools,Gort Hardware Lynksys 5 Port Workgroup Hub Device Tool icon
gort-hardware-ram-device-tool,gort-hardware-ram-device-tool,"tool,gort,hardware,device,ram",tools,Gort Hardware Ram Device Tool icon
gort-hardware-umax-astra-1200s-scanner-device-tool,gort-hardware-umax-astra-1200s-scanner-device-tool,"tool,1200s,gort,umax,astra,hardware,device",tools,Gort Hardware Umax Astra 1200S Scanner Device Tool icon
gort-hardware-zip-disk-device-tool,gort-hardware-zip-disk-device-tool,"zip,tool,disk,gort,device,hardware",tools,Gort Hardware Zip Disk Device Tool icon
gort-hardware-zip-disks-device-tool,gort-hardware-zip-disks-device-tool,"disks,zip,tool,gort,device,hardware",tools,Gort Hardware Zip Disks Device Tool icon
icatch21-alien1-ui-set-icon,icatch21-alien1-ui-set-icon,"icatch21,alien1,ui,icon,set",ui,Icatch21 Alien1 Ui Set Icon icon
icatch21-alien2-ui-set-icon,icatch21-alien2-ui-set-icon,"icatch21,ui,alien2,icon,set",ui,Icatch21 Alien2 Ui Set Icon icon
icatch21-app1-ui-set-icon,icatch21-app1-ui-set-icon,"icatch21,ui,icon,app1,set",ui,Icatch21 App1 Ui Set Icon icon
icatch21-app2-ui-set-icon,icatch21-app2-ui-set-icon,"icatch21,ui,icon,set,app2",ui,Icatch21 App2 Ui Set Icon icon
icatch21-app3-ui-set-icon,icatch21-app3-ui-set-icon,"icatch21,ui,icon,app3,set",ui,Icatch21 App3 Ui Set Icon icon
icatch21-boom1-ui-set-icon,icatch21-boom1-ui-set-icon,"icatch21,boom1,ui,icon,set",ui,Icatch21 Boom1 Ui Set Icon icon
icatch21-bug1-ui-set-icon,icatch21-bug1-ui-set-icon,"icatch21,ui,icon,bug1,set",ui,Icatch21 Bug1 Ui Set Icon icon
icatch21-bug2-ui-set-icon,icatch21-bug2-ui-set-icon,"icatch21,ui,icon,bug2,set",ui,Icatch21 Bug2 Ui Set Icon icon
icatch21-button1-ui-set-icon,icatch21-button1-ui-set-icon,"icatch21,ui,button1,icon,set",ui,Icatch21 Button1 Ui Set Icon icon
icatch21-clock1-ui-set-icon,icatch21-clock1-ui-set-icon,"icatch21,ui,icon,clock1,set",ui,Icatch21 Clock1 Ui Set Icon icon
icatch21-clock2-ui-set-icon,icatch21-clock2-ui-set-icon,"icatch21,ui,icon,clock2,set",ui,Icatch21 Clock2 Ui Set Icon icon
icatch21-design1-ui-set-icon,icatch21-design1-ui-set-icon,"icatch21,ui,icon,set,design1",ui,Icatch21 Design1 Ui Set Icon icon
icatch21-design2-ui-set-icon,icatch21-design2-ui-set-icon,"icatch21,ui,icon,design2,set",ui,Icatch21 Design2 Ui Set Icon icon
icatch21-eyes1-ui-set-icon,icatch21-eyes1-ui-set-icon,"icatch21,eyes1,ui,icon,set",ui,Icatch21 Eyes1 Ui Set Icon icon
icatch21-face1-ui-set-icon,icatch21-face1-ui-set-icon,"icatch21,face1,ui,icon,set",ui,Icatch21 Face1 Ui Set Icon icon
icatch21-face2-ui-set-icon,icatch21-face2-ui-set-icon,"icatch21,ui,icon,face2,set",ui,Icatch21 Face2 Ui Set Icon icon
icatch21-fire1-ui-set-icon,icatch21-fire1-ui-set-icon,"icatch21,fire1,ui,icon,set",ui,Icatch21 Fire1 Ui Set Icon icon
icatch21-fire2-ui-set-icon,icatch21-fire2-ui-set-icon,"icatch21,ui,icon,fire2,set",ui,Icatch21 Fire2 Ui Set Icon icon
icatch21-food1-ui-set-icon,icatch21-food1-ui-set-icon,"icatch21,ui,icon,food1,set",ui,Icatch21 Food1 Ui Set Icon icon
icatch21-fruit1-ui-set-icon,icatch21-fruit1-ui-set-icon,"icatch21,fruit1,ui,icon,set",ui,Icatch21 Fruit1 Ui Set Icon icon
icatch21-fruit2-ui-set-icon,icatch21-fruit2-ui-set-icon,"icatch21,ui,icon,set,fruit2",ui,Icatch21 Fruit2 Ui Set Icon icon
icatch21-game1-ui-set-icon,icatch21-game1-ui-set-icon,"icatch21,ui,icon,game1,set",ui,Icatch21 Game1 Ui Set Icon icon
icatch21-game2-ui-set-icon,icatch21-game2-ui-set-icon,"icatch21,ui,icon,game2,set",ui,Icatch21 Game2 Ui Set Icon icon
icatch21-letter1-ui-set-icon,icatch21-letter1-ui-set-icon,"icatch21,ui,icon,letter1,set",ui,Icatch21 Letter1 Ui Set Icon icon
icatch21-letter2-ui-set-icon,icatch21-letter2-ui-set-icon,"icatch21,ui,icon,letter2,set",ui,Icatch21 Letter2 Ui Set Icon icon
icatch21-letter3-ui-set-icon,icatch21-letter3-ui-set-icon,"icatch21,ui,icon,set,letter3",ui,Icatch21 Letter3 Ui Set Icon icon
icatch21-letter4-ui-set-icon,icatch21-letter4-ui-set-icon,"icatch21,ui,letter4,icon,set",ui,Icatch21 Letter4 Ui Set Icon icon
icatch21-light1-ui-set-icon,icatch21-light1-ui-set-icon,"icatch21,light1,ui,icon,set",ui,Icatch21 Light1 Ui Set Icon icon
icatch21-magic1-ui-set-icon,icatch21-magic1-ui-set-icon,"icatch21,ui,icon,set,magic1",ui,Icatch21 Magic1 Ui Set Icon icon
icatch21-marker1-ui-set-icon,icatch21-marker1-ui-set-icon,"icatch21,ui,icon,marker1,set",ui,Icatch21 Marker1 Ui Set Icon icon
icatch21-money1-ui-set-icon,icatch21-money1-ui-set-icon,"icatch21,ui,icon,money1,set",ui,Icatch21 Money1 Ui Set Icon icon
icatch21-money2-ui-set-icon,icatch21-money2-ui-set-icon,"icatch21,ui,icon,money2,set",ui,Icatch21 Money2 Ui Set Icon icon
icatch21-phone1-ui-set-icon,icatch21-phone1-ui-set-icon,"icatch21,ui,icon,phone1,set",ui,Icatch21 Phone1 Ui Set Icon icon
icatch21-phone2-ui-set-icon,icatch21-phone2-ui-set-icon,"icatch21,ui,icon,phone2,set",ui,Icatch21 Phone2 Ui Set Icon icon
icatch21-phone3-ui-set-icon,icatch21-phone3-ui-set-icon,"icatch21,ui,phone3,icon,set",ui,Icatch21 Phone3 Ui Set Icon icon
icatch21-plant1-ui-set-icon,icatch21-plant1-ui-set-icon,"icatch21,ui,plant1,icon,set",ui,Icatch21 Plant1 Ui Set Icon icon
icatch21-plug1-ui-set-icon,icatch21-plug1-ui-set-icon,"icatch21,ui,icon,set,plug1",ui,Icatch21 Plug1 Ui Set Icon icon
icatch21-plug2-ui-set-icon,icatch21-plug2-ui-set-icon,"icatch21,ui,icon,set,plug2",ui,Icatch21 Plug2 Ui Set Icon icon
icatch21-qmark1-ui-set-icon,icatch21-qmark1-ui-set-icon,"icatch21,qmark1,ui,icon,set",ui,Icatch21 Qmark1 Ui Set Icon icon
icatch21-science1-ui-set-icon,icatch21-science1-ui-set-icon,"icatch21,ui,icon,science1,set",ui,Icatch21 Science1 Ui Set Icon icon
icatch21-science2-ui-set-icon,icatch21-science2-ui-set-icon,"icatch21,ui,icon,science2,set",ui,Icatch21 Science2 Ui Set Icon icon
icatch21-science3-ui-set-icon,icatch21-science3-ui-set-icon,"icatch21,ui,icon,science3,set",ui,Icatch21 Science3 Ui Set Icon icon
icatch21-table1-ui-set-icon,icatch21-table1-ui-set-icon,"icatch21,ui,icon,table1,set",ui,Icatch21 Table1 Ui Set Icon icon
icatch21-train1-ui-set-icon,icatch21-train1-ui-set-icon,"icatch21,train1,ui,icon,set",ui,Icatch21 Train1 Ui Set Icon icon
icatch21-train2-ui-set-icon,icatch21-train2-ui-set-icon,"icatch21,ui,icon,train2,set",ui,Icatch21 Train2 Ui Set Icon icon
internet-clikhere-network-web-button,internet-clikhere-network-web-button,"button,web,network,clikhere,internet",network,Internet Clikhere Network Web Button icon
internet-clikhere2-network-web-button,internet-clikhere2-network-web-button,"web,button,network,clikhere2,internet",network,Internet Clikhere2 Network Web Button icon
internet-clkhere-network-web-button,internet-clkhere-network-web-button,"web,button,network,clkhere,internet",network,Internet Clkhere Network Web Button icon
internet-cookbook-network-web-button,internet-cookbook-network-web-button,"button,web,network,cookbook,internet",network,Internet Cookbook Network Web Button icon
internet-enter2win-network-web-button,internet-enter2win-network-web-button,"web,button,enter2win,network,internet",network,Internet Enter2Win Network Web Button icon
internet-fatfngr-network-web-button,internet-fatfngr-network-web-button,"web,button,network,fatfngr,internet",network,Internet Fatfngr Network Web Button icon
internet-freefldr-network-web-button,internet-freefldr-network-web-button,"web,button,network,freefldr,internet",network,Internet Freefldr Network Web Button icon
internet-go-network-web-button,internet-go-network-web-button,"web,button,network,go,internet",network,Internet Go Network Web Button icon
internet-go2-network-web-button,internet-go2-network-web-button,"web,button,network,go2,internet",network,Internet Go2 Network Web Button icon
internet-gobtn-network-web-button,internet-gobtn-network-web-button,"web,button,network,gobtn,internet",network,Internet Gobtn Network Web Button icon
internet-gobtn2-network-web-button,internet-gobtn2-network-web-button,"button,web,network,internet,gobtn2",network,Internet Gobtn2 Network Web Button icon
internet-gobtn3-network-web-button,internet-gobtn3-network-web-button,"web,button,network,internet,gobtn3",network,Internet Gobtn3 Network Web Button icon
internet-gopoint-network-web-button,internet-gopoint-network-web-button,"web,button,network,gopoint,internet",network,Internet Gopoint Network Web Button icon
internet-handpnt-network-web-button,internet-handpnt-network-web-button,"button,web,network,handpnt,internet",network,Internet Handpnt Network Web Button icon
internet-home-network-web-button,internet-home-network-web-button,"button,web,network,internet,home",network,Internet Home Network Web Button icon
internet-home1-network-web-button,internet-home1-network-web-button,"button,web,network,home1,internet",network,Internet Home1 Network Web Button icon
internet-links-network-web-button,internet-links-network-web-button,"button,web,network,links,internet",network,Internet Links Network Web Button icon
internet-mouse3d-network-web-button,internet-mouse3d-network-web-button,"button,web,network,internet,mouse3d",network,Internet Mouse3D Network Web Button icon
internet-new-network-web-button,internet-new-network-web-button,"web,button,network,new,internet",network,Internet New Network Web Button icon
internet-new2-network-web-button,internet-new2-network-web-button,"button,web,network,new2,internet",network,Internet New2 Network Web Button icon
internet-news-network-web-button,internet-news-network-web-button,"button,web,network,internet,news",network,Internet News Network Web Button icon
internet-newsstation-network-web-button,internet-newsstation-network-web-button,"button,web,network,newsstation,internet",network,Internet Newsstation Network Web Button icon
internet-next-network-web-button,internet-next-network-web-button,"web,button,network,next,internet",network,Internet Next Network Web Button icon
internet-nssearch-network-web-button,internet-nssearch-network-web-button,"button,web,network,nssearch,internet",network,Internet Nssearch Network Web Button icon
internet-ok-network-web-button,internet-ok-network-web-button,"web,button,network,ok,internet",network,Internet Ok Network Web Button icon
internet-ok2-network-web-button,internet-ok2-network-web-button,"web,button,network,ok2,internet",network,Internet Ok2 Network Web Button icon
internet-phone-network-web-button,internet-phone-network-web-button,"web,button,network,phone,internet",network,Internet Phone Network Web Button icon
internet-pin-note-network-web-button,internet-pin-note-network-web-button,"web,button,network,note,pin,internet",network,Internet Pin Note Network Web Button icon
internet-playcntl-network-web-button,internet-playcntl-network-web-button,"web,button,network,playcntl,internet",network,Internet Playcntl Network Web Button icon
internet-question-network-web-button,internet-question-network-web-button,"web,button,network,question,internet",network,Internet Question Network Web Button icon
internet-quotes-network-web-button,internet-quotes-network-web-button,"web,button,network,internet,quotes",network,Internet Quotes Network Web Button icon
internet-search-network-web-button,internet-search-network-web-button,"web,button,network,search,internet",network,Internet Search Network Web Button icon
internet-secure-network-web-button,internet-secure-network-web-button,"web,button,network,secure,internet",network,Internet Secure Network Web Button icon
internet-start-network-web-button,internet-start-network-web-button,"web,button,network,start,internet",network,Internet Start Network Web Button icon
internet-stopcntl-network-web-button,internet-stopcntl-network-web-button,"web,button,network,internet,stopcntl",network,Internet Stopcntl Network Web Button icon
internet-thumb-network-web-button,internet-thumb-network-web-button,"web,button,network,thumb,internet",network,Internet Thumb Network Web Button icon
internet-top-network-web-button,internet-top-network-web-button,"button,web,network,top,internet",network,Internet Top Network Web Button icon
internet-tpoint-network-web-button,internet-tpoint-network-web-button,"button,web,network,tpoint,internet",network,Internet Tpoint Network Web Button icon
internet-xbtn-network-web-button,internet-xbtn-network-web-button,"web,button,network,xbtn,internet",network,Internet Xbtn Network Web Button icon
miscicon1-brknheart-ui-misc-retro,miscicon1-brknheart-ui-misc-retro,"misc,miscicon1,ui,retro,brknheart",ui,Miscicon1 Brknheart Ui Misc Retro icon
miscicon1-candles-ui-misc-retro,miscicon1-candles-ui-misc-retro,"misc,miscicon1,ui,candles,retro",ui,Miscicon1 Candles Ui Misc Retro icon
miscicon1-door-ui-misc-retro,miscicon1-door-ui-misc-retro,"misc,miscicon1,ui,door,retro",ui,Miscicon1 Door Ui Misc Retro icon
miscicon1-fan1-ui-misc-retro,miscicon1-fan1-ui-misc-retro,"misc,miscicon1,ui,retro,fan1",ui,Miscicon1 Fan1 Ui Misc Retro icon
miscicon1-fan2-ui-misc-retro,miscicon1-fan2-ui-misc-retro,"misc,miscicon1,fan2,ui,retro",ui,Miscicon1 Fan2 Ui Misc Retro icon
miscicon1-golf-ui-misc-retro,miscicon1-golf-ui-misc-retro,"misc,miscicon1,ui,retro,golf",ui,Miscicon1 Golf Ui Misc Retro icon
miscicon1-indian-ui-misc-retro,miscicon1-indian-ui-misc-retro,"misc,miscicon1,ui,retro,indian",ui,Miscicon1 Indian Ui Misc Retro icon
miscicon1-manor-house-ui-misc-retro,miscicon1-manor-house-ui-misc-retro,"misc,miscicon1,house,ui,manor,retro",ui,Miscicon1 Manor House Ui Misc Retro icon
miscicon1-mendhrt-ui-misc-retro,miscicon1-mendhrt-ui-misc-retro,"misc,miscicon1,ui,mendhrt,retro",ui,Miscicon1 Mendhrt Ui Misc Retro icon
miscicon1-padlock-ui-misc-retro,miscicon1-padlock-ui-misc-retro,"misc,miscicon1,ui,retro,padlock",ui,Miscicon1 Padlock Ui Misc Retro icon
miscicon1-puzzlepc-ui-misc-retro,miscicon1-puzzlepc-ui-misc-retro,"misc,miscicon1,ui,retro,puzzlepc",ui,Miscicon1 Puzzlepc Ui Misc Retro icon
miscicon1-sailboat-ui-misc-retro,miscicon1-sailboat-ui-misc-retro,"misc,miscicon1,ui,sailboat,retro",ui,Miscicon1 Sailboat Ui Misc Retro icon
miscicon1-shades-ui-misc-retro,miscicon1-shades-ui-misc-retro,"misc,miscicon1,ui,shades,retro",ui,Miscicon1 Shades Ui Misc Retro icon
miscicon1-snoopy-ui-misc-retro,miscicon1-snoopy-ui-misc-retro,"misc,miscicon1,ui,snoopy,retro",ui,Miscicon1 Snoopy Ui Misc Retro icon
miscicon1-specs-ui-misc-retro,miscicon1-specs-ui-misc-retro,"misc,miscicon1,ui,specs,retro",ui,Miscicon1 Specs Ui Misc Retro icon
miscicon1-stamp-ui-misc-retro,miscicon1-stamp-ui-misc-retro,"misc,stamp,miscicon1,ui,retro",ui,Miscicon1 Stamp Ui Misc Retro icon
miscicon1-strpdheart-ui-misc-retro,miscicon1-strpdheart-ui-misc-retro,"strpdheart,misc,miscicon1,ui,retro",ui,Miscicon1 Strpdheart Ui Misc Retro icon
miscicon1-trffclght-ui-misc-retro,miscicon1-trffclght-ui-misc-retro,"misc,miscicon1,ui,trffclght,retro",ui,Miscicon1 Trffclght Ui Misc Retro icon
miscicon1-umbrella1-ui-misc-retro,miscicon1-umbrella1-ui-misc-retro,"misc,miscicon1,ui,umbrella1,retro",ui,Miscicon1 Umbrella1 Ui Misc Retro icon
miscicon1-umbrella2-ui-misc-retro,miscicon1-umbrella2-ui-misc-retro,"misc,miscicon1,ui,umbrella2,retro",ui,Miscicon1 Umbrella2 Ui Misc Retro icon
miscicon1-umbrella3-ui-misc-retro,miscicon1-umbrella3-ui-misc-retro,"umbrella3,misc,miscicon1,ui,retro",ui,Miscicon1 Umbrella3 Ui Misc Retro icon
pixelfriends-1-aah-emoji-character-pixel,pixelfriends-1-aah-emoji-character-pixel,"character,aah,pixel,pixelfriends,1,emoji,cartoon,people",emoji,Pixelfriends 1 Aah Emoji Character Pixel icon
pixelfriends-1-bros-emoji-character-pixel,pixelfriends-1-bros-emoji-character-pixel,"character,bros,pixel,pixelfriends,1,emoji,cartoon,people",emoji,Pixelfriends 1 Bros Emoji Character Pixel icon
pixelfriends-1-bunny-in-love-emoji-character-pixel,pixelfriends-1-bunny-in-love-emoji-character-pixel,"character,pixel,1,love,bunny,emoji,cartoon,people",emoji,Pixelfriends 1 Bunny In Love Emoji Character Pixel icon
pixelfriends-1-creative-man-emoji-character-pixel,pixelfriends-1-creative-man-emoji-character-pixel,"creative,character,pixel,1,pixelfriends,emoji,cartoon,people",emoji,Pixelfriends 1 Creative Man Emoji Character Pixel icon
pixelfriends-1-dr-panik-emoji-character-pixel,pixelfriends-1-dr-panik-emoji-character-pixel,"character,pixel,dr,panik,pixelfriends,emoji,cartoon,people",emoji,Pixelfriends 1 Dr Panik Emoji Character Pixel icon
pixelfriends-1-e-fant-emoji-character-pixel,pixelfriends-1-e-fant-emoji-character-pixel,"character,pixel,fant,e,pixelfriends,emoji,cartoon,people",emoji,Pixelfriends 1 E Fant Emoji Character Pixel icon
pixelfriends-1-eeh-emoji-character-pixel,pixelfriends-1-eeh-emoji-character-pixel,"character,pixel,1,eeh,pixelfriends,emoji,cartoon,people",emoji,Pixelfriends 1 Eeh Emoji Character Pixel icon
pixelfriends-1-friendly-icons-emoji-character-pixel,pixelfriends-1-friendly-icons-emoji-character-pixel,"character,pixel,icons,pixelfriends,1,emoji,cartoon,people",emoji,Pixelfriends 1 Friendly Icons Emoji Character Pixel icon
pixelfriends-1-grrr-emoji-character-pixel,pixelfriends-1-grrr-emoji-character-pixel,"grrr,character,pixel,pixelfriends,1,emoji,cartoon,people",emoji,Pixelfriends 1 Grrr Emoji Character Pixel icon
pixelfriends-1-hello-emoji-character-pixel,pixelfriends-1-hello-emoji-character-pixel,"character,hello,pixel,pixelfriends,1,emoji,cartoon,people",emoji,Pixelfriends 1 Hello Emoji Character Pixel icon
pixelfriends-1-icons-from-www-lindkvist-com-emoji-character-pixel,pixelfriends-1-icons-from-www-lindkvist-com-emoji-character-pixel,"character,www,pixel,icons,com,emoji,cartoon,people",emoji,Pixelfriends 1 Icons From Www Lindkvist Com Emoji Character Pixel icon
pixelfriends-1-look-no-hands-emoji-character-pixel,pixelfriends-1-look-no-hands-emoji-character-pixel,"character,pixel,no,look,pixelfriends,emoji,cartoon,people",emoji,Pixelfriends 1 Look No Hands Emoji Character Pixel icon
pixelfriends-1-miss-cat-emoji-character-pixel,pixelfriends-1-miss-cat-emoji-character-pixel,"cat,character,pixel,pixelfriends,1,emoji,cartoon,people",emoji,Pixelfriends 1 Miss Cat Emoji Character Pixel icon
pixelfriends-1-miss-pip-emoji-character-pixel,pixelfriends-1-miss-pip-emoji-character-pixel,"character,pixel,1,pip,pixelfriends,emoji,cartoon,people",emoji,Pixelfriends 1 Miss Pip Emoji Character Pixel icon
pixelfriends-1-mr-balloon-emoji-character-pixel,pixelfriends-1-mr-balloon-emoji-character-pixel,"character,pixel,mr,pixelfriends,1,emoji,cartoon,people",emoji,Pixelfriends 1 Mr Balloon Emoji Character Pixel icon
pixelfriends-1-mr-bird-emoji-character-pixel,pixelfriends-1-mr-bird-emoji-character-pixel,"character,pixel,bird,mr,pixelfriends,emoji,cartoon,people",emoji,Pixelfriends 1 Mr Bird Emoji Character Pixel icon
pixelfriends-1-mr-cool-emoji-character-pixel,pixelfriends-1-mr-cool-emoji-character-pixel,"character,pixel,mr,pixelfriends,1,emoji,cartoon,people",emoji,Pixelfriends 1 Mr Cool Emoji Character Pixel icon
pixelfriends-1-mr-dog-emoji-character-pixel,pixelfriends-1-mr-dog-emoji-character-pixel,"character,pixel,dog,mr,pixelfriends,emoji,cartoon,people",emoji,Pixelfriends 1 Mr Dog Emoji Character Pixel icon
pixelfriends-1-mr-e-mail-emoji-character-pixel,pixelfriends-1-mr-e-mail-emoji-character-pixel,"character,pixel,e,mail,pixelfriends,emoji,cartoon,people",emoji,Pixelfriends 1 Mr E Mail Emoji Character Pixel icon
pixelfriends-1-mr-lot-to-do-emoji-character-pixel,pixelfriends-1-mr-lot-to-do-emoji-character-pixel,"to,character,pixel,lot,do,emoji,cartoon,people",emoji,Pixelfriends 1 Mr Lot To Do Emoji Character Pixel icon
pixelfriends-1-mr-nice-emoji-character-pixel,pixelfriends-1-mr-nice-emoji-character-pixel,"character,pixel,nice,mr,pixelfriends,emoji,cartoon,people",emoji,Pixelfriends 1 Mr Nice Emoji Character Pixel icon
pixelfriends-1-mr-no-problem-emoji-character-pixel,pixelfriends-1-mr-no-problem-emoji-character-pixel,"problem,character,pixel,no,pixelfriends,emoji,cartoon,people",emoji,Pixelfriends 1 Mr No Problem Emoji Character Pixel icon
pixelfriends-1-mr-party-emoji-character-pixel,pixelfriends-1-mr-party-emoji-character-pixel,"character,pixel,1,mr,pixelfriends,emoji,cartoon,people",emoji,Pixelfriends 1 Mr Party Emoji Character Pixel icon
pixelfriends-1-mr-remote-emoji-character-pixel,pixelfriends-1-mr-remote-emoji-character-pixel,"character,pixel,mr,remote,pixelfriends,emoji,cartoon,people",emoji,Pixelfriends 1 Mr Remote Emoji Character Pixel icon
pixelfriends-1-mr-stress-emoji-character-pixel,pixelfriends-1-mr-stress-emoji-character-pixel,"character,pixel,stress,mr,pixelfriends,emoji,cartoon,people",emoji,Pixelfriends 1 Mr Stress Emoji Character Pixel icon
pixelfriends-1-mrs-bird-emoji-character-pixel,pixelfriends-1-mrs-bird-emoji-character-pixel,"character,pixel,mrs,bird,pixelfriends,emoji,cartoon,people",emoji,Pixelfriends 1 Mrs Bird Emoji Character Pixel icon
pixelfriends-1-mrs-snake-emoji-character-pixel,pixelfriends-1-mrs-snake-emoji-character-pixel,"character,pixel,snake,mrs,pixelfriends,emoji,cartoon,people",emoji,Pixelfriends 1 Mrs Snake Emoji Character Pixel icon
pixelfriends-1-no-energy-emoji-character-pixel,pixelfriends-1-no-energy-emoji-character-pixel,"character,pixel,no,energy,pixelfriends,emoji,cartoon,people",emoji,Pixelfriends 1 No Energy Emoji Character Pixel icon
pixelfriends-1-nooo-emoji-character-pixel,pixelfriends-1-nooo-emoji-character-pixel,"character,pixel,nooo,pixelfriends,1,emoji,cartoon,people",emoji,Pixelfriends 1 Nooo Emoji Character Pixel icon
pixelfriends-1-opps-emoji-character-pixel,pixelfriends-1-opps-emoji-character-pixel,"character,pixel,opps,pixelfriends,1,emoji,cartoon,people",emoji,Pixelfriends 1 Opps Emoji Character Pixel icon
pixelfriends-1-tv-emoji-character-pixel,pixelfriends-1-tv-emoji-character-pixel,"character,tv,pixel,pixelfriends,1,emoji,cartoon,people",emoji,Pixelfriends 1 Tv Emoji Character Pixel icon
pixelfriends-1-young-mr-panik-emoji-character-pixel,pixelfriends-1-young-mr-panik-emoji-character-pixel,"character,pixel,panik,pixelfriends,1,emoji,cartoon,people",emoji,Pixelfriends 1 Young Mr Panik Emoji Character Pixel icon
pixelfriends-aah-emoji-character-pixel,pixelfriends-aah-emoji-character-pixel,"character,aah,pixel,pixelfriends,emoji,cartoon,people",emoji,Pixelfriends Aah Emoji Character Pixel icon
pixelfriends-bros-emoji-character-pixel,pixelfriends-bros-emoji-character-pixel,"character,bros,pixel,pixelfriends,emoji,cartoon,people",emoji,Pixelfriends Bros Emoji Character Pixel icon
pixelfriends-bunny-in-love-emoji-character-pixel,pixelfriends-bunny-in-love-emoji-character-pixel,"character,pixel,love,bunny,in,emoji,cartoon,people",emoji,Pixelfriends Bunny In Love Emoji Character Pixel icon
pixelfriends-creative-man-emoji-character-pixel,pixelfriends-creative-man-emoji-character-pixel,"creative,character,pixel,pixelfriends,man,emoji,cartoon,people",emoji,Pixelfriends Creative Man Emoji Character Pixel icon
pixelfriends-dr-panik-emoji-character-pixel,pixelfriends-dr-panik-emoji-character-pixel,"character,pixel,dr,panik,pixelfriends,emoji,cartoon,people",emoji,Pixelfriends Dr Panik Emoji Character Pixel icon
pixelfriends-e-fant-emoji-character-pixel,pixelfriends-e-fant-emoji-character-pixel,"character,pixel,fant,e,pixelfriends,emoji,cartoon,people",emoji,Pixelfriends E Fant Emoji Character Pixel icon
pixelfriends-eeh-emoji-character-pixel,pixelfriends-eeh-emoji-character-pixel,"character,pixel,eeh,pixelfriends,emoji,cartoon,people",emoji,Pixelfriends Eeh Emoji Character Pixel icon
pixelfriends-friendly-icons-emoji-character-pixel,pixelfriends-friendly-icons-emoji-character-pixel,"character,pixel,icons,pixelfriends,friendly,emoji,cartoon,people",emoji,Pixelfriends Friendly Icons Emoji Character Pixel icon
pixelfriends-grrr-emoji-character-pixel,pixelfriends-grrr-emoji-character-pixel,"grrr,character,pixel,pixelfriends,emoji,cartoon,people",emoji,Pixelfriends Grrr Emoji Character Pixel icon
pixelfriends-hello-emoji-character-pixel,pixelfriends-hello-emoji-character-pixel,"character,hello,pixel,pixelfriends,emoji,cartoon,people",emoji,Pixelfriends Hello Emoji Character Pixel icon
pixelfriends-icons-from-www-lindkvist-com-emoji-character-pixel,pixelfriends-icons-from-www-lindkvist-com-emoji-character-pixel,"character,www,pixel,icons,com,emoji,cartoon,people",emoji,Pixelfriends Icons From Www Lindkvist Com Emoji Character Pixel icon
pixelfriends-look-no-hands-emoji-character-pixel,pixelfriends-look-no-hands-emoji-character-pixel,"hands,character,pixel,no,look,emoji,cartoon,people",emoji,Pixelfriends Look No Hands Emoji Character Pixel icon
pixelfriends-miss-cat-emoji-character-pixel,pixelfriends-miss-cat-emoji-character-pixel,"cat,character,pixel,pixelfriends,miss,emoji,cartoon,people",emoji,Pixelfriends Miss Cat Emoji Character Pixel icon
pixelfriends-miss-pip-emoji-character-pixel,pixelfriends-miss-pip-emoji-character-pixel,"character,pixel,pip,pixelfriends,miss,emoji,cartoon,people",emoji,Pixelfriends Miss Pip Emoji Character Pixel icon
pixelfriends-mr-balloon-emoji-character-pixel,pixelfriends-mr-balloon-emoji-character-pixel,"character,pixel,mr,pixelfriends,balloon,emoji,cartoon,people",emoji,Pixelfriends Mr Balloon Emoji Character Pixel icon
pixelfriends-mr-bird-emoji-character-pixel,pixelfriends-mr-bird-emoji-character-pixel,"character,pixel,bird,mr,pixelfriends,emoji,cartoon,people",emoji,Pixelfriends Mr Bird Emoji Character Pixel icon
pixelfriends-mr-cool-emoji-character-pixel,pixelfriends-mr-cool-emoji-character-pixel,"character,pixel,mr,pixelfriends,cool,emoji,cartoon,people",emoji,Pixelfriends Mr Cool Emoji Character Pixel icon
pixelfriends-mr-dog-emoji-character-pixel,pixelfriends-mr-dog-emoji-character-pixel,"character,pixel,dog,mr,pixelfriends,emoji,cartoon,people",emoji,Pixelfriends Mr Dog Emoji Character Pixel icon
pixelfriends-mr-e-mail-emoji-character-pixel,pixelfriends-mr-e-mail-emoji-character-pixel,"character,pixel,e,mail,mr,emoji,cartoon,people",emoji,Pixelfriends Mr E Mail Emoji Character Pixel icon
pixelfriends-mr-lot-to-do-emoji-character-pixel,pixelfriends-mr-lot-to-do-emoji-character-pixel,"to,character,pixel,lot,do,emoji,cartoon,people",emoji,Pixelfriends Mr Lot To Do Emoji Character Pixel icon
pixelfriends-mr-nice-emoji-character-pixel,pixelfriends-mr-nice-emoji-character-pixel,"character,pixel,nice,mr,pixelfriends,emoji,cartoon,people",emoji,Pixelfriends Mr Nice Emoji Character Pixel icon
pixelfriends-mr-no-problem-emoji-character-pixel,pixelfriends-mr-no-problem-emoji-character-pixel,"problem,character,pixel,no,mr,emoji,cartoon,people",emoji,Pixelfriends Mr No Problem Emoji Character Pixel icon
pixelfriends-mr-party-emoji-character-pixel,pixelfriends-mr-party-emoji-character-pixel,"character,pixel,mr,pixelfriends,party,emoji,cartoon,people",emoji,Pixelfriends Mr Party Emoji Character Pixel icon
pixelfriends-mr-remote-emoji-character-pixel,pixelfriends-mr-remote-emoji-character-pixel,"character,pixel,mr,remote,pixelfriends,emoji,cartoon,people",emoji,Pixelfriends Mr Remote Emoji Character Pixel icon
pixelfriends-mr-stress-emoji-character-pixel,pixelfriends-mr-stress-emoji-character-pixel,"character,pixel,mr,pixelfriends,stress,emoji,cartoon,people",emoji,Pixelfriends Mr Stress Emoji Character Pixel icon
pixelfriends-mrs-bird-emoji-character-pixel,pixelfriends-mrs-bird-emoji-character-pixel,"character,pixel,mrs,bird,pixelfriends,emoji,cartoon,people",emoji,Pixelfriends Mrs Bird Emoji Character Pixel icon
pixelfriends-mrs-snake-emoji-character-pixel,pixelfriends-mrs-snake-emoji-character-pixel,"character,pixel,snake,mrs,pixelfriends,emoji,cartoon,people",emoji,Pixelfriends Mrs Snake Emoji Character Pixel icon
pixelfriends-no-energy-emoji-character-pixel,pixelfriends-no-energy-emoji-character-pixel,"character,pixel,no,energy,pixelfriends,emoji,cartoon,people",emoji,Pixelfriends No Energy Emoji Character Pixel icon
pixelfriends-nooo-emoji-character-pixel,pixelfriends-nooo-emoji-character-pixel,"character,pixel,nooo,pixelfriends,emoji,cartoon,people",emoji,Pixelfriends Nooo Emoji Character Pixel icon
pixelfriends-opps-emoji-character-pixel,pixelfriends-opps-emoji-character-pixel,"character,pixel,opps,pixelfriends,emoji,cartoon,people",emoji,Pixelfriends Opps Emoji Character Pixel icon
pixelfriends-tv-emoji-character-pixel,pixelfriends-tv-emoji-character-pixel,"character,tv,pixel,pixelfriends,emoji,cartoon,people",emoji,Pixelfriends Tv Emoji Character Pixel icon
pixelfriends-young-mr-panik-emoji-character-pixel,pixelfriends-young-mr-panik-emoji-character-pixel,"character,pixel,mr,panik,pixelfriends,emoji,cartoon,people",emoji,Pixelfriends Young Mr Panik Emoji Character Pixel icon
puzzle-system-apple-f-files-folder,puzzle-system-apple-f-files-folder,"f,system,puzzle,files,folder,folders",files,Puzzle System Apple F Files Folder icon
puzzle-system-application-f-files-folder,puzzle-system-application-f-files-folder,"f,system,files,puzzle,folder,folders",files,Puzzle System Application F Files Folder icon
puzzle-system-art-f-files-folder,puzzle-system-art-f-files-folder,"f,system,puzzle,files,folder,folders",files,Puzzle System Art F Files Folder icon
puzzle-system-construction-f-files-folder,puzzle-system-construction-f-files-folder,"f,system,construction,puzzle,files,folders",files,Puzzle System Construction F Files Folder icon
puzzle-system-control-panel-f-files-folder,puzzle-system-control-panel-f-files-folder,"control,f,system,puzzle,files,folders",files,Puzzle System Control Panel F Files Folder icon
puzzle-system-control-strip-f-files-folder,puzzle-system-control-strip-f-files-folder,"control,f,system,puzzle,files,folders",files,Puzzle System Control Strip F Files Folder icon
puzzle-system-danger-f-files-folder,puzzle-system-danger-f-files-folder,"danger,f,system,puzzle,files,folders",files,Puzzle System Danger F Files Folder icon
puzzle-system-dark-f-files-folder,puzzle-system-dark-f-files-folder,"dark,f,system,puzzle,files,folders",files,Puzzle System Dark F Files Folder icon
puzzle-system-default-folder-2-files,puzzle-system-default-folder-2-files,"default,system,puzzle,2,files,folders",files,Puzzle System Default Folder 2 Files icon
puzzle-system-default-folder-files,puzzle-system-default-folder-files,"default,system,puzzle,files,folder,folders",files,Puzzle System Default Folder Files icon
puzzle-system-document-f-files-folder,puzzle-system-document-f-files-folder,"document,f,system,puzzle,files,folders",files,Puzzle System Document F Files Folder icon
puzzle-system-document-files-folder,puzzle-system-document-files-folder,"document,system,puzzle,files,folder,folders",files,Puzzle System Document Files Folder icon
puzzle-system-extension-f-files-folder,puzzle-system-extension-f-files-folder,"extension,f,system,puzzle,files,folders",files,Puzzle System Extension F Files Folder icon
puzzle-system-fileserver-files-folder,puzzle-system-fileserver-files-folder,"fileserver,system,files,puzzle,folder,folders",files,Puzzle System Fileserver Files Folder icon
puzzle-system-finder-f-files-folder,puzzle-system-finder-f-files-folder,"f,finder,system,puzzle,files,folders",files,Puzzle System Finder F Files Folder icon
puzzle-system-flesh-f-files-folder,puzzle-system-flesh-f-files-folder,"f,system,files,puzzle,folder,folders",files,Puzzle System Flesh F Files Folder icon
puzzle-system-font-f-files-folder,puzzle-system-font-f-files-folder,"f,system,files,puzzle,folder,folders",files,Puzzle System Font F Files Folder icon
puzzle-system-game-f-files-folder,puzzle-system-game-f-files-folder,"game,f,system,puzzle,files,folders",files,Puzzle System Game F Files Folder icon
puzzle-system-green-f-files-folder,puzzle-system-green-f-files-folder,"f,system,puzzle,files,folder,folders,green",files,Puzzle System Green F Files Folder icon
puzzle-system-hard-drive-desktop-files-folder,puzzle-system-hard-drive-desktop-files-folder,"drive,system,puzzle,files,folder,folders",files,Puzzle System Hard Drive Desktop Files Folder icon
puzzle-system-hard-drive-tower-files-folder,puzzle-system-hard-drive-tower-files-folder,"drive,system,puzzle,files,folder,folders",files,Puzzle System Hard Drive Tower Files Folder icon
puzzle-system-homeart-puzzle-volume-files-folder,puzzle-system-homeart-puzzle-volume-files-folder,"system,puzzle,files,folder,homeart,folders",files,Puzzle System Homeart Puzzle Volume Files Folder icon
puzzle-system-icon-f-files-folder,puzzle-system-icon-f-files-folder,"icon,f,system,puzzle,files,folders",files,Puzzle System Icon F Files Folder icon
puzzle-system-imac-folder-files,puzzle-system-imac-folder-files,"imac,system,puzzle,files,folder,folders",files,Puzzle System Imac Folder Files icon
puzzle-system-important-f-files-folder,puzzle-system-important-f-files-folder,"f,system,puzzle,files,folder,folders",files,Puzzle System Important F Files Folder icon
puzzle-system-in-folder-files,puzzle-system-in-folder-files,"system,puzzle,files,folder,in,folders",files,Puzzle System In Folder Files icon
puzzle-system-menu-f-files-folder,puzzle-system-menu-f-files-folder,"f,system,files,puzzle,folder,folders",files,Puzzle System Menu F Files Folder icon
puzzle-system-out-folder-files,puzzle-system-out-folder-files,"system,puzzle,files,folder,out,folders",files,Puzzle System Out Folder Files icon
puzzle-system-preference-f-files-folder,puzzle-system-preference-f-files-folder,"f,system,puzzle,preference,files,folders",files,Puzzle System Preference F Files Folder icon
puzzle-system-red-f-files-folder,puzzle-system-red-f-files-folder,"f,system,puzzle,files,red,folders",files,Puzzle System Red F Files Folder icon
puzzle-system-scrapbook-file-files-folder,puzzle-system-scrapbook-file-files-folder,"file,scrapbook,system,puzzle,files,folders",files,Puzzle System Scrapbook File Files Folder icon
puzzle-system-shared-folder-files,puzzle-system-shared-folder-files,"system,files,puzzle,folder,shared,folders",files,Puzzle System Shared Folder Files icon
puzzle-system-sound-f-files-folder,puzzle-system-sound-f-files-folder,"sound,f,system,files,puzzle,folders",files,Puzzle System Sound F Files Folder icon
puzzle-system-startup-f-files-folder,puzzle-system-startup-f-files-folder,"f,system,puzzle,files,folder,folders",files,Puzzle System Startup F Files Folder icon
puzzle-system-system-f-files-folder,puzzle-system-system-f-files-folder,"f,system,puzzle,files,folder,folders",files,Puzzle System System F Files Folder icon
puzzle-system-tool-f-files-folder,puzzle-system-tool-f-files-folder,"tool,f,system,puzzle,files,folders",files,Puzzle System Tool F Files Folder icon
puzzle-system-trash-empty-files-folder,puzzle-system-trash-empty-files-folder,"trash,empty,system,puzzle,files,folders",files,Puzzle System Trash Empty Files Folder icon
puzzle-system-trash-full-files-folder,puzzle-system-trash-full-files-folder,"trash,system,files,puzzle,folder,folders",files,Puzzle System Trash Full Files Folder icon
puzzle-system-user-f-files-folder,puzzle-system-user-f-files-folder,"f,system,files,puzzle,user,folders",files,Puzzle System User F Files Folder icon
puzzle-system-yellow-f-files-folder,puzzle-system-yellow-f-files-folder,"f,system,files,puzzle,folder,folders,yellow",files,Puzzle System Yellow F Files Folder icon
quicktime-dv-folder-media-apple,quicktime-dv-folder-media-apple,"dv,media,quicktime,folder,apple",ui,Quicktime Dv Folder Media Apple icon
quicktime-firewire-media-apple,quicktime-firewire-media-apple,"apple,firewire,quicktime,media",ui,Quicktime Firewire Media Apple icon
quicktime-moviefolder-media-apple,quicktime-moviefolder-media-apple,"apple,quicktime,moviefolder,media",ui,Quicktime Moviefolder Media Apple icon
quicktime-qt-penguin1-media-apple,quicktime-qt-penguin1-media-apple,"media,quicktime,penguin1,qt,apple",ui,Quicktime Qt Penguin1 Media Apple icon
quicktime-qt-penguin2-media-apple,quicktime-qt-penguin2-media-apple,"media,quicktime,penguin2,qt,apple",ui,Quicktime Qt Penguin2 Media Apple icon
quicktime-quickdraw3d-logo-media-apple,quicktime-quickdraw3d-logo-media-apple,"media,logo,quicktime,quickdraw3d,apple",ui,Quicktime Quickdraw3D Logo Media Apple icon
quicktime-quicktime3-logo-media-apple,quicktime-quicktime3-logo-media-apple,"media,logo,quicktime,quicktime3,apple",ui,Quicktime Quicktime3 Logo Media Apple icon
quicktime-quicktimevr-media-apple,quicktime-quicktimevr-media-apple,"apple,quicktime,quicktimevr,media",ui,Quicktime Quicktimevr Media Apple icon
